Order Id,Order Item Id,order date (DateOrders),shipping date (DateOrders),Days for shipping (real),Days for shipment (scheduled),Late_delivery_risk,Shipping Mode,Market,Order Region,Category Name,Customer Segment,Product Name,Order Item Quantity,Order Item Total,Sales,Benefit per order,Order Profit Per Order,Order Item Profit Ratio,Order Status,Customer Fname,Customer Email,Customer Password
1,1,2016-01-01,2016-01-05,4,4,0,Standard Class,Europe,West,Synthetic Category 0,Consumer,Synthetic Product 0,2,161.81380840332938,161.81380840332938,-2.5038373060246184,-2.5038373060246184,-0.015473570091025068,Complete,PRIVATE_TEST_NAME,private@example.invalid,DO_NOT_EXPORT
2,2,2016-01-02,2016-01-04,2,2,0,Second Class,USCA,East,Synthetic Category 0,Consumer,Synthetic Product 0,2,109.36901676163309,109.36901676163309,-1.9265249967744589,-1.9265249967744589,-0.017614906431620114,Complete,PRIVATE_TEST_NAME,private@example.invalid,DO_NOT_EXPORT
3,3,2016-01-02,2016-01-09,7,4,1,Standard Class,Europe,West,Synthetic Category 0,Consumer,Synthetic Product 0,2,105.92148431533957,105.92148431533957,30.11028160131789,30.11028160131789,0.28426982302925785,Complete,PRIVATE_TEST_NAME,private@example.invalid,DO_NOT_EXPORT
3,4,2016-01-02,2016-01-09,7,4,1,Standard Class,Europe,West,Synthetic Category 1,Consumer,Synthetic Product 1,2,151.5404682337536,151.5404682337536,-15.56008117100627,-15.56008117100627,-0.10267937899600915,Complete,PRIVATE_TEST_NAME,private@example.invalid,DO_NOT_EXPORT
3,5,2016-01-02,2016-01-09,7,4,1,Standard Class,Europe,West,Synthetic Category 0,Consumer,Synthetic Product 2,2,103.62975534865737,103.62975534865737,5.2217093021099785,5.2217093021099785,0.0503881272762035,Complete,PRIVATE_TEST_NAME,private@example.invalid,DO_NOT_EXPORT
4,6,2016-01-03,2016-01-10,7,4,1,Standard Class,USCA,East,Synthetic Category 0,Consumer,Synthetic Product 0,2,120.14453855154719,120.14453855154719,17.204161872852232,17.204161872852232,0.14319553830964116,Complete,PRIVATE_TEST_NAME,private@example.invalid,DO_NOT_EXPORT
4,7,2016-01-03,2016-01-10,7,4,1,Standard Class,USCA,East,Synthetic Category 1,Consumer,Synthetic Product 1,2,49.41697961949039,49.41697961949039,0.13411401614823368,0.13411401614823368,0.002713925804063877,Complete,PRIVATE_TEST_NAME,private@example.invalid,DO_NOT_EXPORT
4,8,2016-01-03,2016-01-10,7,4,1,Standard Class,USCA,East,Synthetic Category 0,Consumer,Synthetic Product 2,2,52.60313289172208,52.60313289172208,1.30487663121062,1.30487663121062,0.024806063051350358,Complete,PRIVATE_TEST_NAME,private@example.invalid,DO_NOT_EXPORT
5,9,2016-01-03,2016-01-08,5,2,1,Second Class,Europe,West,Synthetic Category 0,Consumer,Synthetic Product 0,2,47.18236801228844,47.18236801228844,0.34244927240942186,0.34244927240942186,0.007257992483976905,Complete,PRIVATE_TEST_NAME,private@example.invalid,DO_NOT_EXPORT
5,10,2016-01-03,2016-01-08,5,2,1,Second Class,Europe,West,Synthetic Category 1,Consumer,Synthetic Product 1,2,191.51612204704315,191.51612204704315,-26.105036647902775,-26.105036647902775,-0.1363072537647272,Complete,PRIVATE_TEST_NAME,private@example.invalid,DO_NOT_EXPORT
5,11,2016-01-03,2016-01-08,5,2,1,Second Class,Europe,West,Synthetic Category 0,Consumer,Synthetic Product 2,2,48.46349115009891,48.46349115009891,-7.459979243947122,-7.459979243947122,-0.15392987725218588,Complete,PRIVATE_TEST_NAME,private@example.invalid,DO_NOT_EXPORT
6,12,2016-01-04,2016-01-08,4,4,0,Standard Class,USCA,East,Synthetic Category 0,Consumer,Synthetic Product 0,2,199.48809317459418,199.48809317459418,48.66462008883137,48.66462008883137,0.24394749237609664,Complete,PRIVATE_TEST_NAME,private@example.invalid,DO_NOT_EXPORT
6,13,2016-01-04,2016-01-08,4,4,0,Standard Class,USCA,East,Synthetic Category 1,Consumer,Synthetic Product 1,2,60.436754984139824,60.436754984139824,12.303750471139447,12.303750471139447,0.20358059386822258,Complete,PRIVATE_TEST_NAME,private@example.invalid,DO_NOT_EXPORT
7,14,2016-01-04,2016-01-07,3,4,0,Standard Class,Europe,West,Synthetic Category 0,Consumer,Synthetic Product 0,2,177.10882295000684,177.10882295000684,-4.067756550920053,-4.067756550920053,-0.022967554541697077,Complete,PRIVATE_TEST_NAME,private@example.invalid,DO_NOT_EXPORT
7,15,2016-01-04,2016-01-07,3,4,0,Standard Class,Europe,West,Synthetic Category 1,Consumer,Synthetic Product 1,2,89.76991741023687,89.76991741023687,11.343576041763265,11.343576041763265,0.1263627768523457,Complete,PRIVATE_TEST_NAME,private@example.invalid,DO_NOT_EXPORT
7,16,2016-01-04,2016-01-07,3,4,0,Standard Class,Europe,West,Synthetic Category 0,Consumer,Synthetic Product 2,2,177.2991008983613,177.2991008983613,12.625399510157967,12.625399510157967,0.0712096082054901,Complete,PRIVATE_TEST_NAME,private@example.invalid,DO_NOT_EXPORT
8,17,2016-01-05,2016-01-10,5,4,1,Standard Class,USCA,East,Synthetic Category 0,Consumer,Synthetic Product 0,2,125.56114566835248,125.56114566835248,-3.503654795181498,-3.503654795181498,-0.027903972813658307,Complete,PRIVATE_TEST_NAME,private@example.invalid,DO_NOT_EXPORT
8,18,2016-01-05,2016-01-10,5,4,1,Standard Class,USCA,East,Synthetic Category 1,Consumer,Synthetic Product 1,2,171.87531822847808,171.87531822847808,35.71661995140241,35.71661995140241,0.20780540405413783,Complete,PRIVATE_TEST_NAME,private@example.invalid,DO_NOT_EXPORT
8,19,2016-01-05,2016-01-10,5,4,1,Standard Class,USCA,East,Synthetic Category 0,Consumer,Synthetic Product 2,2,136.19211460233564,136.19211460233564,-17.888795639505663,-17.888795639505663,-0.13134971647762989,Complete,PRIVATE_TEST_NAME,private@example.invalid,DO_NOT_EXPORT
9,20,2016-01-05,2016-01-06,1,2,0,Second Class,Europe,West,Synthetic Category 0,Consumer,Synthetic Product 0,2,65.33333532924082,65.33333532924082,-5.292515250427412,-5.292515250427412,-0.08100788401137504,Complete,PRIVATE_TEST_NAME,private@example.invalid,DO_NOT_EXPORT
9,21,2016-01-05,2016-01-06,1,2,0,Second Class,Europe,West,Synthetic Category 1,Consumer,Synthetic Product 1,2,131.13949768808823,131.13949768808823,2.052646718449426,2.052646718449426,0.015652391191337267,Complete,PRIVATE_TEST_NAME,private@example.invalid,DO_NOT_EXPORT
9,22,2016-01-05,2016-01-06,1,2,0,Second Class,Europe,West,Synthetic Category 0,Consumer,Synthetic Product 2,2,24.676717471941096,24.676717471941096,5.74645980184401,5.74645980184401,0.23286970029048953,Complete,PRIVATE_TEST_NAME,private@example.invalid,DO_NOT_EXPORT
10,23,2016-01-06,2016-01-07,1,2,0,Second Class,USCA,East,Synthetic Category 0,Consumer,Synthetic Product 0,2,90.60595823358723,90.60595823358723,-0.6124828403846967,-0.6124828403846967,-0.006759851695466668,Complete,PRIVATE_TEST_NAME,private@example.invalid,DO_NOT_EXPORT
10,24,2016-01-06,2016-01-07,1,2,0,Second Class,USCA,East,Synthetic Category 1,Consumer,Synthetic Product 1,2,39.034128238041404,39.034128238041404,2.1724213606325162,2.1724213606325162,0.055654409581903874,Complete,PRIVATE_TEST_NAME,private@example.invalid,DO_NOT_EXPORT
11,25,2016-01-06,2016-01-11,5,2,1,Second Class,Europe,West,Synthetic Category 0,Consumer,Synthetic Product 0,2,22.67809576774799,22.67809576774799,2.490013690428254,2.490013690428254,0.10979818217230858,Complete,PRIVATE_TEST_NAME,private@example.invalid,DO_NOT_EXPORT
11,26,2016-01-06,2016-01-11,5,2,1,Second Class,Europe,West,Synthetic Category 1,Consumer,Synthetic Product 1,2,21.353341794660086,21.353341794660086,5.466610032475517,5.466610032475517,0.2560072369488589,Complete,PRIVATE_TEST_NAME,private@example.invalid,DO_NOT_EXPORT
11,27,2016-01-06,2016-01-11,5,2,1,Second Class,Europe,West,Synthetic Category 0,Consumer,Synthetic Product 2,2,112.87799443220163,112.87799443220163,16.395783932430376,16.395783932430376,0.14525226121268697,Complete,PRIVATE_TEST_NAME,private@example.invalid,DO_NOT_EXPORT
12,28,2016-01-07,2016-01-11,4,4,0,Standard Class,USCA,East,Synthetic Category 0,Consumer,Synthetic Product 0,2,161.3053544986264,161.3053544986264,11.69234648674803,11.69234648674803,0.0724857926947961,Complete,PRIVATE_TEST_NAME,private@example.invalid,DO_NOT_EXPORT
12,29,2016-01-07,2016-01-11,4,4,0,Standard Class,USCA,East,Synthetic Category 1,Consumer,Synthetic Product 1,2,92.65277995913516,92.65277995913516,24.275773642496503,24.275773642496503,0.26200804393784427,Complete,PRIVATE_TEST_NAME,private@example.invalid,DO_NOT_EXPORT
12,30,2016-01-07,2016-01-11,4,4,0,Standard Class,USCA,East,Synthetic Category 0,Consumer,Synthetic Product 2,2,24.160006536312665,24.160006536312665,0.07462875048016959,0.07462875048016959,0.003088937511999512,Complete,PRIVATE_TEST_NAME,private@example.invalid,DO_NOT_EXPORT
13,31,2016-01-07,2016-01-09,2,2,0,Second Class,Europe,West,Synthetic Category 0,Consumer,Synthetic Product 0,2,49.784955680665924,49.784955680665924,7.453701193852469,7.453701193852469,0.14971794374313618,Complete,PRIVATE_TEST_NAME,private@example.invalid,DO_NOT_EXPORT
13,32,2016-01-07,2016-01-09,2,2,0,Second Class,Europe,West,Synthetic Category 1,Consumer,Synthetic Product 1,2,140.29972976863752,140.29972976863752,39.25167795150181,39.25167795150181,0.27977016075676076,Complete,PRIVATE_TEST_NAME,private@example.invalid,DO_NOT_EXPORT
14,33,2016-01-08,2016-01-12,4,4,0,Standard Class,USCA,East,Synthetic Category 0,Consumer,Synthetic Product 0,2,107.18425446751137,107.18425446751137,-16.510070954902886,-16.510070954902886,-0.15403448050205226,Complete,PRIVATE_TEST_NAME,private@example.invalid,DO_NOT_EXPORT
14,34,2016-01-08,2016-01-12,4,4,0,Standard Class,USCA,East,Synthetic Category 1,Consumer,Synthetic Product 1,2,171.2448840586072,171.2448840586072,-13.047742841510065,-13.047742841510065,-0.07619347528679793,Complete,PRIVATE_TEST_NAME,private@example.invalid,DO_NOT_EXPORT
14,35,2016-01-08,2016-01-12,4,4,0,Standard Class,USCA,East,Synthetic Category 0,Consumer,Synthetic Product 2,2,155.7653178568824,155.7653178568824,12.614167614609023,12.614167614609023,0.08098187573564325,Complete,PRIVATE_TEST_NAME,private@example.invalid,DO_NOT_EXPORT
15,36,2016-01-08,2016-01-09,1,2,0,Second Class,Europe,West,Synthetic Category 0,Consumer,Synthetic Product 0,2,42.89256705162676,42.89256705162676,-2.722764838241953,-2.722764838241953,-0.06347871030812291,Complete,PRIVATE_TEST_NAME,private@example.invalid,DO_NOT_EXPORT
15,37,2016-01-08,2016-01-09,1,2,0,Second Class,Europe,West,Synthetic Category 1,Consumer,Synthetic Product 1,2,69.3586478981813,69.3586478981813,-6.191994932439248,-6.191994932439248,-0.08927502366437584,Complete,PRIVATE_TEST_NAME,private@example.invalid,DO_NOT_EXPORT
16,38,2016-01-09,2016-01-13,4,2,1,Second Class,USCA,East,Synthetic Category 0,Consumer,Synthetic Product 0,2,116.06514949205996,116.06514949205996,-16.440891962489857,-16.440891962489857,-0.14165227059492635,Complete,PRIVATE_TEST_NAME,private@example.invalid,DO_NOT_EXPORT
16,39,2016-01-09,2016-01-13,4,2,1,Second Class,USCA,East,Synthetic Category 1,Consumer,Synthetic Product 1,2,38.724892535429106,38.724892535429106,3.6995935890804037,3.6995935890804037,0.09553528355684071,Complete,PRIVATE_TEST_NAME,private@example.invalid,DO_NOT_EXPORT
16,40,2016-01-09,2016-01-13,4,2,1,Second Class,USCA,East,Synthetic Category 0,Consumer,Synthetic Product 2,2,141.17188662671893,141.17188662671893,22.14151747973897,22.14151747973897,0.15684084139418414,Complete,PRIVATE_TEST_NAME,private@example.invalid,DO_NOT_EXPORT
17,41,2016-01-09,2016-01-12,3,2,1,Second Class,Europe,West,Synthetic Category 0,Consumer,Synthetic Product 0,2,160.777216737521,160.777216737521,-25.854325959093405,-25.854325959093405,-0.1608083936500918,Complete,PRIVATE_TEST_NAME,private@example.invalid,DO_NOT_EXPORT
17,42,2016-01-09,2016-01-12,3,2,1,Second Class,Europe,West,Synthetic Category 1,Consumer,Synthetic Product 1,2,137.18701988802493,137.18701988802493,-14.88101058762782,-14.88101058762782,-0.10847243857162309,Complete,PRIVATE_TEST_NAME,private@example.invalid,DO_NOT_EXPORT
17,43,2016-01-09,2016-01-12,3,2,1,Second Class,Europe,West,Synthetic Category 0,Consumer,Synthetic Product 2,2,55.26924548190896,55.26924548190896,10.348968489148314,10.348968489148314,0.18724642247080786,Complete,PRIVATE_TEST_NAME,private@example.invalid,DO_NOT_EXPORT
18,44,2016-01-10,2016-01-14,4,4,0,Standard Class,USCA,East,Synthetic Category 0,Consumer,Synthetic Product 0,2,77.58415722200091,77.58415722200091,4.51386695638692,4.51386695638692,0.05818026666798542,Complete,PRIVATE_TEST_NAME,private@example.invalid,DO_NOT_EXPORT
18,45,2016-01-10,2016-01-14,4,4,0,Standard Class,USCA,East,Synthetic Category 1,Consumer,Synthetic Product 1,2,146.28412338167894,146.28412338167894,40.09706299016655,40.09706299016655,0.27410399750317965,Complete,PRIVATE_TEST_NAME,private@example.invalid,DO_NOT_EXPORT
18,46,2016-01-10,2016-01-14,4,4,0,Standard Class,USCA,East,Synthetic Category 0,Consumer,Synthetic Product 2,2,136.33045611471772,136.33045611471772,20.85907578409853,20.85907578409853,0.15300378491029387,Complete,PRIVATE_TEST_NAME,private@example.invalid,DO_NOT_EXPORT
19,47,2016-01-10,2016-01-12,2,2,0,Second Class,Europe,West,Synthetic Category 0,Consumer,Synthetic Product 0,2,181.62702445745228,181.62702445745228,-32.51806891620508,-32.51806891620508,-0.17903761300578222,Complete,PRIVATE_TEST_NAME,private@example.invalid,DO_NOT_EXPORT
19,48,2016-01-10,2016-01-12,2,2,0,Second Class,Europe,West,Synthetic Category 1,Consumer,Synthetic Product 1,2,120.02540118908918,120.02540118908918,-15.821055906476099,-15.821055906476099,-0.13181423056900643,Complete,PRIVATE_TEST_NAME,private@example.invalid,DO_NOT_EXPORT
19,49,2016-01-10,2016-01-12,2,2,0,Second Class,Europe,West,Synthetic Category 0,Consumer,Synthetic Product 2,2,27.839267989948468,27.839267989948468,-3.5911020384814463,-3.5911020384814463,-0.12899412584332443,Complete,PRIVATE_TEST_NAME,private@example.invalid,DO_NOT_EXPORT
20,50,2016-01-11,2016-01-16,5,2,1,Second Class,USCA,East,Synthetic Category 0,Consumer,Synthetic Product 0,2,130.18268421206952,130.18268421206952,-15.434907746047664,-15.434907746047664,-0.11856344673999786,Complete,PRIVATE_TEST_NAME,private@example.invalid,DO_NOT_EXPORT
20,51,2016-01-11,2016-01-16,5,2,1,Second Class,USCA,East,Synthetic Category 1,Consumer,Synthetic Product 1,2,112.27836650763585,112.27836650763585,32.13783845283028,32.13783845283028,0.2862335768898512,Complete,PRIVATE_TEST_NAME,private@example.invalid,DO_NOT_EXPORT
21,52,2016-01-11,2016-01-14,3,2,1,Second Class,Europe,West,Synthetic Category 0,Consumer,Synthetic Product 0,2,64.20892523879309,64.20892523879309,-11.591159097456021,-11.591159097456021,-0.1805225528125332,Complete,PRIVATE_TEST_NAME,private@example.invalid,DO_NOT_EXPORT
22,53,2016-01-12,2016-01-15,3,2,1,Second Class,USCA,East,Synthetic Category 0,Consumer,Synthetic Product 0,2,177.90493365208303,177.90493365208303,33.392752009236375,33.392752009236375,0.18769997730664614,Complete,PRIVATE_TEST_NAME,private@example.invalid,DO_NOT_EXPORT
22,54,2016-01-12,2016-01-15,3,2,1,Second Class,USCA,East,Synthetic Category 1,Consumer,Synthetic Product 1,2,28.17423646314304,28.17423646314304,5.314688204620035,5.314688204620035,0.18863645911301274,Complete,PRIVATE_TEST_NAME,private@example.invalid,DO_NOT_EXPORT
23,55,2016-01-12,2016-01-17,5,4,1,Standard Class,Europe,West,Synthetic Category 0,Consumer,Synthetic Product 0,2,91.40470438257033,91.40470438257033,0.31241468088059576,0.31241468088059576,0.0034179278078839137,Complete,PRIVATE_TEST_NAME,private@example.invalid,DO_NOT_EXPORT
24,56,2016-01-13,2016-01-19,6,4,1,Standard Class,USCA,East,Synthetic Category 0,Consumer,Synthetic Product 0,2,81.95782904777795,81.95782904777795,-8.311590618043194,-8.311590618043194,-0.10141301587183195,Complete,PRIVATE_TEST_NAME,private@example.invalid,DO_NOT_EXPORT
24,57,2016-01-13,2016-01-19,6,4,1,Standard Class,USCA,East,Synthetic Category 1,Consumer,Synthetic Product 1,2,195.45270411776448,195.45270411776448,49.263741256049336,49.263741256049336,0.2520494227921598,Complete,PRIVATE_TEST_NAME,private@example.invalid,DO_NOT_EXPORT
24,58,2016-01-13,2016-01-19,6,4,1,Standard Class,USCA,East,Synthetic Category 0,Consumer,Synthetic Product 2,2,39.87082809553474,39.87082809553474,-3.6735115795168465,-3.6735115795168465,-0.09213532186275947,Complete,PRIVATE_TEST_NAME,private@example.invalid,DO_NOT_EXPORT
25,59,2016-01-13,2016-01-18,5,2,1,Second Class,Europe,West,Synthetic Category 0,Consumer,Synthetic Product 0,2,76.77315721345823,76.77315721345823,-2.009578594119741,-2.009578594119741,-0.0261755366987495,Complete,PRIVATE_TEST_NAME,private@example.invalid,DO_NOT_EXPORT
25,60,2016-01-13,2016-01-18,5,2,1,Second Class,Europe,West,Synthetic Category 1,Consumer,Synthetic Product 1,2,81.07567923755562,81.07567923755562,-6.829661991578654,-6.829661991578654,-0.0842381100695736,Complete,PRIVATE_TEST_NAME,private@example.invalid,DO_NOT_EXPORT
26,61,2016-01-14,2016-01-16,2,2,0,Second Class,USCA,East,Synthetic Category 0,Consumer,Synthetic Product 0,2,85.19946709489541,85.19946709489541,4.621693799139213,4.621693799139213,0.05424557167701011,Complete,PRIVATE_TEST_NAME,private@example.invalid,DO_NOT_EXPORT
27,62,2016-01-14,2016-01-15,1,2,0,Second Class,Europe,West,Synthetic Category 0,Consumer,Synthetic Product 0,2,119.16185386303202,119.16185386303202,-13.271520910488855,-13.271520910488855,-0.11137390431793309,Complete,PRIVATE_TEST_NAME,private@example.invalid,DO_NOT_EXPORT
27,63,2016-01-14,2016-01-15,1,2,0,Second Class,Europe,West,Synthetic Category 1,Consumer,Synthetic Product 1,2,49.13610391089194,49.13610391089194,-8.218109084106327,-8.218109084106327,-0.16725194775332256,Complete,PRIVATE_TEST_NAME,private@example.invalid,DO_NOT_EXPORT
28,64,2016-01-15,2016-01-16,1,2,0,Second Class,USCA,East,Synthetic Category 0,Consumer,Synthetic Product 0,2,71.41386986509818,71.41386986509818,3.7830992266990933,3.7830992266990933,0.05297429244270646,Complete,PRIVATE_TEST_NAME,private@example.invalid,DO_NOT_EXPORT
28,65,2016-01-15,2016-01-16,1,2,0,Second Class,USCA,East,Synthetic Category 1,Consumer,Synthetic Product 1,2,114.3836137384208,114.3836137384208,-8.48991536643765,-8.48991536643765,-0.0742231783815896,Complete,PRIVATE_TEST_NAME,private@example.invalid,DO_NOT_EXPORT
28,66,2016-01-15,2016-01-16,1,2,0,Second Class,USCA,East,Synthetic Category 0,Consumer,Synthetic Product 2,2,166.7279444718808,166.7279444718808,47.57820114782124,47.57820114782124,0.28536428790343216,Complete,PRIVATE_TEST_NAME,private@example.invalid,DO_NOT_EXPORT
29,67,2016-01-15,2016-01-19,4,4,0,Standard Class,Europe,West,Synthetic Category 0,Consumer,Synthetic Product 0,2,57.033697725194166,57.033697725194166,10.321650829689462,10.321650829689462,0.180974603460262,Complete,PRIVATE_TEST_NAME,private@example.invalid,DO_NOT_EXPORT
29,68,2016-01-15,2016-01-19,4,4,0,Standard Class,Europe,West,Synthetic Category 1,Consumer,Synthetic Product 1,2,113.93366046234189,113.93366046234189,8.207390688088541,8.207390688088541,0.07203657509802647,Complete,PRIVATE_TEST_NAME,private@example.invalid,DO_NOT_EXPORT
29,69,2016-01-15,2016-01-19,4,4,0,Standard Class,Europe,West,Synthetic Category 0,Consumer,Synthetic Product 2,2,183.5570852859526,183.5570852859526,50.91891722623277,50.91891722623277,0.2774009902527556,Complete,PRIVATE_TEST_NAME,private@example.invalid,DO_NOT_EXPORT
30,70,2016-01-16,2016-01-19,3,4,0,Standard Class,USCA,East,Synthetic Category 0,Consumer,Synthetic Product 0,2,62.79173791515074,62.79173791515074,-3.3373638479191525,-3.3373638479191525,-0.05314972890906233,Complete,PRIVATE_TEST_NAME,private@example.invalid,DO_NOT_EXPORT
31,71,2016-01-16,2016-01-18,2,2,0,Second Class,Europe,West,Synthetic Category 0,Consumer,Synthetic Product 0,2,173.23928689924526,173.23928689924526,50.95334281112475,50.95334281112475,0.29412117610919775,Complete,PRIVATE_TEST_NAME,private@example.invalid,DO_NOT_EXPORT
31,72,2016-01-16,2016-01-18,2,2,0,Second Class,Europe,West,Synthetic Category 1,Consumer,Synthetic Product 1,2,102.5263138292575,102.5263138292575,-4.360202926537446,-4.360202926537446,-0.04252764742716414,Complete,PRIVATE_TEST_NAME,private@example.invalid,DO_NOT_EXPORT
32,73,2016-01-17,2016-01-23,6,4,1,Standard Class,USCA,East,Synthetic Category 0,Consumer,Synthetic Product 0,2,146.88528439354036,146.88528439354036,-20.56837189165659,-20.56837189165659,-0.14003017372760818,Complete,PRIVATE_TEST_NAME,private@example.invalid,DO_NOT_EXPORT
32,74,2016-01-17,2016-01-23,6,4,1,Standard Class,USCA,East,Synthetic Category 1,Consumer,Synthetic Product 1,2,136.5411023557163,136.5411023557163,29.53042556459748,29.53042556459748,0.21627499013201856,Complete,PRIVATE_TEST_NAME,private@example.invalid,DO_NOT_EXPORT
32,75,2016-01-17,2016-01-23,6,4,1,Standard Class,USCA,East,Synthetic Category 0,Consumer,Synthetic Product 2,2,32.78770004912459,32.78770004912459,2.3714528068377665,2.3714528068377665,0.0723275131614815,Complete,PRIVATE_TEST_NAME,private@example.invalid,DO_NOT_EXPORT
33,76,2016-01-17,2016-01-18,1,2,0,Second Class,Europe,West,Synthetic Category 0,Consumer,Synthetic Product 0,2,29.369348756841532,29.369348756841532,8.332154273754853,8.332154273754853,0.28370238450772234,Complete,PRIVATE_TEST_NAME,private@example.invalid,DO_NOT_EXPORT
33,77,2016-01-17,2016-01-18,1,2,0,Second Class,Europe,West,Synthetic Category 1,Consumer,Synthetic Product 1,2,128.60956300455757,128.60956300455757,38.178090384216375,38.178090384216375,0.29685265615017636,Complete,PRIVATE_TEST_NAME,private@example.invalid,DO_NOT_EXPORT
33,78,2016-01-17,2016-01-18,1,2,0,Second Class,Europe,West,Synthetic Category 0,Consumer,Synthetic Product 2,2,179.00152663105845,179.00152663105845,0.26426654774199543,0.26426654774199543,0.0014763368375437234,Complete,PRIVATE_TEST_NAME,private@example.invalid,DO_NOT_EXPORT
34,79,2016-01-18,2016-01-20,2,2,0,Second Class,USCA,East,Synthetic Category 0,Consumer,Synthetic Product 0,2,148.59530033132066,148.59530033132066,-13.389308890271653,-13.389308890271653,-0.09010587051150148,Complete,PRIVATE_TEST_NAME,private@example.invalid,DO_NOT_EXPORT
34,80,2016-01-18,2016-01-20,2,2,0,Second Class,USCA,East,Synthetic Category 1,Consumer,Synthetic Product 1,2,31.09086815937228,31.09086815937228,6.8914761943131495,6.8914761943131495,0.2216559588811523,Complete,PRIVATE_TEST_NAME,private@example.invalid,DO_NOT_EXPORT
35,81,2016-01-18,2016-01-21,3,2,1,Second Class,Europe,West,Synthetic Category 0,Consumer,Synthetic Product 0,2,147.28176361961832,147.28176361961832,-8.800319596309878,-8.800319596309878,-0.05975159028539533,Complete,PRIVATE_TEST_NAME,private@example.invalid,DO_NOT_EXPORT
36,82,2016-01-19,2016-01-25,6,4,1,Standard Class,USCA,East,Synthetic Category 0,Consumer,Synthetic Product 0,2,80.25252297316925,80.25252297316925,-8.582777361255784,-8.582777361255784,-0.10694713441127897,Complete,PRIVATE_TEST_NAME,private@example.invalid,DO_NOT_EXPORT
37,83,2016-01-19,2016-01-23,4,4,0,Standard Class,Europe,West,Synthetic Category 0,Consumer,Synthetic Product 0,2,175.02455638980885,175.02455638980885,33.25361760131602,33.25361760131602,0.18999401162460128,Complete,PRIVATE_TEST_NAME,private@example.invalid,DO_NOT_EXPORT
38,84,2016-01-20,2016-01-24,4,2,1,Second Class,USCA,East,Synthetic Category 0,Consumer,Synthetic Product 0,2,112.41160009391979,112.41160009391979,27.82516934168519,27.82516934168519,0.24752934144196226,Complete,PRIVATE_TEST_NAME,private@example.invalid,DO_NOT_EXPORT
39,85,2016-01-20,2016-01-23,3,4,0,Standard Class,Europe,West,Synthetic Category 0,Consumer,Synthetic Product 0,2,63.86445305950306,63.86445305950306,-1.8457009077802786,-1.8457009077802786,-0.028900285203423304,Complete,PRIVATE_TEST_NAME,private@example.invalid,DO_NOT_EXPORT
39,86,2016-01-20,2016-01-23,3,4,0,Standard Class,Europe,West,Synthetic Category 1,Consumer,Synthetic Product 1,2,119.95018662323739,119.95018662323739,24.855391658496412,24.855391658496412,0.20721428084615665,Complete,PRIVATE_TEST_NAME,private@example.invalid,DO_NOT_EXPORT
39,87,2016-01-20,2016-01-23,3,4,0,Standard Class,Europe,West,Synthetic Category 0,Consumer,Synthetic Product 2,2,54.98627951864114,54.98627951864114,14.465951561094009,14.465951561094009,0.2630829306461777,Complete,PRIVATE_TEST_NAME,private@example.invalid,DO_NOT_EXPORT
40,88,2016-01-21,2016-01-24,3,4,0,Standard Class,USCA,East,Synthetic Category 0,Consumer,Synthetic Product 0,2,77.60507448579142,77.60507448579142,-7.204132765931222,-7.204132765931222,-0.09283069198329569,Complete,PRIVATE_TEST_NAME,private@example.invalid,DO_NOT_EXPORT
40,89,2016-01-21,2016-01-24,3,4,0,Standard Class,USCA,East,Synthetic Category 1,Consumer,Synthetic Product 1,2,77.13209975118392,77.13209975118392,-3.286579207574534,-3.286579207574534,-0.04260974637247689,Complete,PRIVATE_TEST_NAME,private@example.invalid,DO_NOT_EXPORT
41,90,2016-01-21,2016-01-25,4,2,1,Second Class,Europe,West,Synthetic Category 0,Consumer,Synthetic Product 0,2,78.29827095776609,78.29827095776609,-9.66903340213228,-9.66903340213228,-0.1234897435646789,Complete,PRIVATE_TEST_NAME,private@example.invalid,DO_NOT_EXPORT
42,91,2016-01-22,2016-01-27,5,2,1,Second Class,USCA,East,Synthetic Category 0,Consumer,Synthetic Product 0,2,88.5562730879886,88.5562730879886,18.755526712484865,18.755526712484865,0.21179218657778842,Complete,PRIVATE_TEST_NAME,private@example.invalid,DO_NOT_EXPORT
42,92,2016-01-22,2016-01-27,5,2,1,Second Class,USCA,East,Synthetic Category 1,Consumer,Synthetic Product 1,2,46.598111290047285,46.598111290047285,4.358979051701565,4.358979051701565,0.09354411436483658,Complete,PRIVATE_TEST_NAME,private@example.invalid,DO_NOT_EXPORT
43,93,2016-01-22,2016-01-23,1,2,0,Second Class,Europe,West,Synthetic Category 0,Consumer,Synthetic Product 0,2,196.47520632665064,196.47520632665064,29.33217492751359,29.33217492751359,0.14929199198166138,Complete,PRIVATE_TEST_NAME,private@example.invalid,DO_NOT_EXPORT
44,94,2016-01-23,2016-01-27,4,2,1,Second Class,USCA,East,Synthetic Category 0,Consumer,Synthetic Product 0,2,39.06157893622945,39.06157893622945,-7.553901225306465,-7.553901225306465,-0.19338443122431626,Complete,PRIVATE_TEST_NAME,private@example.invalid,DO_NOT_EXPORT
44,95,2016-01-23,2016-01-27,4,2,1,Second Class,USCA,East,Synthetic Category 1,Consumer,Synthetic Product 1,2,66.58962948126806,66.58962948126806,2.8854795459498392,2.8854795459498392,0.043332266126537566,Complete,PRIVATE_TEST_NAME,private@example.invalid,DO_NOT_EXPORT
45,96,2016-01-23,2016-01-24,1,2,0,Second Class,Europe,West,Synthetic Category 0,Consumer,Synthetic Product 0,2,66.75199224089319,66.75199224089319,17.447175589926964,17.447175589926964,0.2613731066926656,Complete,PRIVATE_TEST_NAME,private@example.invalid,DO_NOT_EXPORT
46,97,2016-01-24,2016-01-25,1,2,0,Second Class,USCA,East,Synthetic Category 0,Consumer,Synthetic Product 0,2,119.55234308766148,119.55234308766148,5.247595766925852,5.247595766925852,0.04389370907668505,Complete,PRIVATE_TEST_NAME,private@example.invalid,DO_NOT_EXPORT
46,98,2016-01-24,2016-01-25,1,2,0,Second Class,USCA,East,Synthetic Category 1,Consumer,Synthetic Product 1,2,47.28331129962186,47.28331129962186,-0.4816550593732874,-0.4816550593732874,-0.010186576323328256,Complete,PRIVATE_TEST_NAME,private@example.invalid,DO_NOT_EXPORT
47,99,2016-01-24,2016-01-27,3,2,1,Second Class,Europe,West,Synthetic Category 0,Consumer,Synthetic Product 0,2,191.9951938934929,191.9951938934929,25.859260316361823,25.859260316361823,0.13468701894020818,Complete,PRIVATE_TEST_NAME,private@example.invalid,DO_NOT_EXPORT
47,100,2016-01-24,2016-01-27,3,2,1,Second Class,Europe,West,Synthetic Category 1,Consumer,Synthetic Product 1,2,155.54256694561255,155.54256694561255,8.878952709730122,8.878952709730122,0.05708374809601002,Complete,PRIVATE_TEST_NAME,private@example.invalid,DO_NOT_EXPORT
48,101,2016-01-25,2016-01-30,5,4,1,Standard Class,USCA,East,Synthetic Category 0,Consumer,Synthetic Product 0,2,143.21832592436857,143.21832592436857,23.53223964176032,23.53223964176032,0.16431025491938328,Complete,PRIVATE_TEST_NAME,private@example.invalid,DO_NOT_EXPORT
49,102,2016-01-25,2016-01-29,4,4,0,Standard Class,Europe,West,Synthetic Category 0,Consumer,Synthetic Product 0,2,111.77559400823193,111.77559400823193,15.961766078929626,15.961766078929626,0.14280188998820342,Complete,PRIVATE_TEST_NAME,private@example.invalid,DO_NOT_EXPORT
49,103,2016-01-25,2016-01-29,4,4,0,Standard Class,Europe,West,Synthetic Category 1,Consumer,Synthetic Product 1,2,113.83591824118389,113.83591824118389,10.114609456008766,10.114609456008766,0.08885253101379625,Complete,PRIVATE_TEST_NAME,private@example.invalid,DO_NOT_EXPORT
50,104,2016-01-26,2016-01-31,5,4,1,Standard Class,USCA,East,Synthetic Category 0,Consumer,Synthetic Product 0,2,60.62440979481721,60.62440979481721,11.715910112610615,11.715910112610615,0.19325400696292155,Complete,PRIVATE_TEST_NAME,private@example.invalid,DO_NOT_EXPORT
50,105,2016-01-26,2016-01-31,5,4,1,Standard Class,USCA,East,Synthetic Category 1,Consumer,Synthetic Product 1,2,81.35681181977172,81.35681181977172,6.422833395490731,6.422833395490731,0.07894647358747436,Complete,PRIVATE_TEST_NAME,private@example.invalid,DO_NOT_EXPORT
50,106,2016-01-26,2016-01-31,5,4,1,Standard Class,USCA,East,Synthetic Category 0,Consumer,Synthetic Product 2,2,129.20237444919687,129.20237444919687,34.40535547108328,34.40535547108328,0.266290427074246,Complete,PRIVATE_TEST_NAME,private@example.invalid,DO_NOT_EXPORT
51,107,2016-01-26,2016-01-30,4,4,0,Standard Class,Europe,West,Synthetic Category 0,Consumer,Synthetic Product 0,2,39.068884756469544,39.068884756469544,0.5474896587291893,0.5474896587291893,0.014013444769204186,Complete,PRIVATE_TEST_NAME,private@example.invalid,DO_NOT_EXPORT
51,108,2016-01-26,2016-01-30,4,4,0,Standard Class,Europe,West,Synthetic Category 1,Consumer,Synthetic Product 1,2,150.9012624655244,150.9012624655244,-6.1617614489612285,-6.1617614489612285,-0.04083306758529587,Complete,PRIVATE_TEST_NAME,private@example.invalid,DO_NOT_EXPORT
51,109,2016-01-26,2016-01-30,4,4,0,Standard Class,Europe,West,Synthetic Category 0,Consumer,Synthetic Product 2,2,134.09811144790388,134.09811144790388,22.84448020622318,22.84448020622318,0.17035646482685995,Complete,PRIVATE_TEST_NAME,private@example.invalid,DO_NOT_EXPORT
52,110,2016-01-27,2016-01-30,3,2,1,Second Class,USCA,East,Synthetic Category 0,Consumer,Synthetic Product 0,2,170.5766550338061,170.5766550338061,-28.702777730323845,-28.702777730323845,-0.16826908538354984,Complete,PRIVATE_TEST_NAME,private@example.invalid,DO_NOT_EXPORT
52,111,2016-01-27,2016-01-30,3,2,1,Second Class,USCA,East,Synthetic Category 1,Consumer,Synthetic Product 1,2,149.42278462273256,149.42278462273256,34.23200113701039,34.23200113701039,0.2290949216576337,Complete,PRIVATE_TEST_NAME,private@example.invalid,DO_NOT_EXPORT
53,112,2016-01-27,2016-02-02,6,4,1,Standard Class,Europe,West,Synthetic Category 0,Consumer,Synthetic Product 0,2,76.67883808876502,76.67883808876502,-8.602368210711823,-8.602368210711823,-0.11218699220185813,Complete,PRIVATE_TEST_NAME,private@example.invalid,DO_NOT_EXPORT
53,113,2016-01-27,2016-02-02,6,4,1,Standard Class,Europe,West,Synthetic Category 1,Consumer,Synthetic Product 1,2,93.93961312188198,93.93961312188198,-4.645848543048078,-4.645848543048078,-0.049455691679508196,Complete,PRIVATE_TEST_NAME,private@example.invalid,DO_NOT_EXPORT
53,114,2016-01-27,2016-02-02,6,4,1,Standard Class,Europe,West,Synthetic Category 0,Consumer,Synthetic Product 2,2,136.2121342168883,136.2121342168883,-13.741953651081637,-13.741953651081637,-0.10088641316786473,Complete,PRIVATE_TEST_NAME,private@example.invalid,DO_NOT_EXPORT
54,115,2016-01-28,2016-01-29,1,2,0,Second Class,USCA,East,Synthetic Category 0,Consumer,Synthetic Product 0,2,158.75130044171425,158.75130044171425,28.241765636337185,28.241765636337185,0.177899428588972,Complete,PRIVATE_TEST_NAME,private@example.invalid,DO_NOT_EXPORT
55,116,2016-01-28,2016-01-30,2,2,0,Second Class,Europe,West,Synthetic Category 0,Consumer,Synthetic Product 0,2,163.413770763758,163.413770763758,-3.5368629543761605,-3.5368629543761605,-0.021643604072323186,Complete,PRIVATE_TEST_NAME,private@example.invalid,DO_NOT_EXPORT
55,117,2016-01-28,2016-01-30,2,2,0,Second Class,Europe,West,Synthetic Category 1,Consumer,Synthetic Product 1,2,115.71668484167516,115.71668484167516,-6.956859357791638,-6.956859357791638,-0.06011976032073585,Complete,PRIVATE_TEST_NAME,private@example.invalid,DO_NOT_EXPORT
55,118,2016-01-28,2016-01-30,2,2,0,Second Class,Europe,West,Synthetic Category 0,Consumer,Synthetic Product 2,2,72.16268490207764,72.16268490207764,0.15274233313027502,0.15274233313027502,0.0021166387217651517,Complete,PRIVATE_TEST_NAME,private@example.invalid,DO_NOT_EXPORT
56,119,2016-01-29,2016-02-03,5,4,1,Standard Class,USCA,East,Synthetic Category 0,Consumer,Synthetic Product 0,2,153.8991628956661,153.8991628956661,-6.152162024883458,-6.152162024883458,-0.03997527932659539,Complete,PRIVATE_TEST_NAME,private@example.invalid,DO_NOT_EXPORT
56,120,2016-01-29,2016-02-03,5,4,1,Standard Class,USCA,East,Synthetic Category 1,Consumer,Synthetic Product 1,2,100.15912288855141,100.15912288855141,28.18915543300821,28.18915543300821,0.2814437129643669,Complete,PRIVATE_TEST_NAME,private@example.invalid,DO_NOT_EXPORT
57,121,2016-01-29,2016-02-03,5,2,1,Second Class,Europe,West,Synthetic Category 0,Consumer,Synthetic Product 0,2,154.1916611166929,154.1916611166929,16.936309212705922,16.936309212705922,0.10983933300963955,Complete,PRIVATE_TEST_NAME,private@example.invalid,DO_NOT_EXPORT
58,122,2016-01-30,2016-02-04,5,2,1,Second Class,USCA,East,Synthetic Category 0,Consumer,Synthetic Product 0,2,133.91484619287132,133.91484619287132,2.465222243690087,2.465222243690087,0.018408879327237115,Complete,PRIVATE_TEST_NAME,private@example.invalid,DO_NOT_EXPORT
58,123,2016-01-30,2016-02-04,5,2,1,Second Class,USCA,East,Synthetic Category 1,Consumer,Synthetic Product 1,2,168.01015940407115,168.01015940407115,21.151675580164984,21.151675580164984,0.12589521761772965,Complete,PRIVATE_TEST_NAME,private@example.invalid,DO_NOT_EXPORT
59,124,2016-01-30,2016-02-05,6,4,1,Standard Class,Europe,West,Synthetic Category 0,Consumer,Synthetic Product 0,2,97.78341596665476,97.78341596665476,-13.825083312969014,-13.825083312969014,-0.14138474480870583,Complete,PRIVATE_TEST_NAME,private@example.invalid,DO_NOT_EXPORT
60,125,2016-01-31,2016-02-04,4,4,0,Standard Class,USCA,East,Synthetic Category 0,Consumer,Synthetic Product 0,2,135.8447493882206,135.8447493882206,6.645441138606576,6.645441138606576,0.04891938163627557,Complete,PRIVATE_TEST_NAME,private@example.invalid,DO_NOT_EXPORT
61,126,2016-01-31,2016-02-06,6,4,1,Standard Class,Europe,West,Synthetic Category 0,Consumer,Synthetic Product 0,2,29.985555513922908,29.985555513922908,5.514567359439088,5.514567359439088,0.18390746027294913,Complete,PRIVATE_TEST_NAME,private@example.invalid,DO_NOT_EXPORT
62,127,2016-02-01,2016-02-02,1,2,0,Second Class,USCA,East,Synthetic Category 0,Consumer,Synthetic Product 0,2,172.53632127336851,172.53632127336851,1.640477583773972,1.640477583773972,0.009508012989188408,Complete,PRIVATE_TEST_NAME,private@example.invalid,DO_NOT_EXPORT
62,128,2016-02-01,2016-02-02,1,2,0,Second Class,USCA,East,Synthetic Category 1,Consumer,Synthetic Product 1,2,177.66086389858123,177.66086389858123,-32.296861702921014,-32.296861702921014,-0.18178939916310366,Complete,PRIVATE_TEST_NAME,private@example.invalid,DO_NOT_EXPORT
62,129,2016-02-01,2016-02-02,1,2,0,Second Class,USCA,East,Synthetic Category 0,Consumer,Synthetic Product 2,2,151.8831095092848,151.8831095092848,-17.213275064446968,-17.213275064446968,-0.11333238514842693,Complete,PRIVATE_TEST_NAME,private@example.invalid,DO_NOT_EXPORT
63,130,2016-02-01,2016-02-05,4,4,0,Standard Class,Europe,West,Synthetic Category 0,Consumer,Synthetic Product 0,2,52.079748489378844,52.079748489378844,2.6837409450039402,2.6837409450039402,0.05153137299714999,Complete,PRIVATE_TEST_NAME,private@example.invalid,DO_NOT_EXPORT
64,131,2016-02-02,2016-02-07,5,2,1,Second Class,USCA,East,Synthetic Category 0,Consumer,Synthetic Product 0,2,115.59261418365763,115.59261418365763,-1.8218597818242888,-1.8218597818242888,-0.01576103970561349,Complete,PRIVATE_TEST_NAME,private@example.invalid,DO_NOT_EXPORT
64,132,2016-02-02,2016-02-07,5,2,1,Second Class,USCA,East,Synthetic Category 1,Consumer,Synthetic Product 1,2,36.664899011622005,36.664899011622005,7.43858656710146,7.43858656710146,0.2028803233507771,Complete,PRIVATE_TEST_NAME,private@example.invalid,DO_NOT_EXPORT
65,133,2016-02-02,2016-02-08,6,4,1,Standard Class,Europe,West,Synthetic Category 0,Consumer,Synthetic Product 0,2,138.49930453810475,138.49930453810475,5.335613860183701,5.335613860183701,0.038524481245432785,Complete,PRIVATE_TEST_NAME,private@example.invalid,DO_NOT_EXPORT
65,134,2016-02-02,2016-02-08,6,4,1,Standard Class,Europe,West,Synthetic Category 1,Consumer,Synthetic Product 1,2,153.40007090504108,153.40007090504108,35.94477119981101,35.94477119981101,0.23432043406330513,Complete,PRIVATE_TEST_NAME,private@example.invalid,DO_NOT_EXPORT
65,135,2016-02-02,2016-02-08,6,4,1,Standard Class,Europe,West,Synthetic Category 0,Consumer,Synthetic Product 2,2,156.28593746144216,156.28593746144216,-11.32480583089425,-11.32480583089425,-0.07246209105466211,Complete,PRIVATE_TEST_NAME,private@example.invalid,DO_NOT_EXPORT
66,136,2016-02-03,2016-02-07,4,4,0,Standard Class,USCA,East,Synthetic Category 0,Consumer,Synthetic Product 0,2,121.8826197102446,121.8826197102446,-0.3127553359459557,-0.3127553359459557,-0.0025660371978341034,Complete,PRIVATE_TEST_NAME,private@example.invalid,DO_NOT_EXPORT
67,137,2016-02-03,2016-02-05,2,2,0,Second Class,Europe,West,Synthetic Category 0,Consumer,Synthetic Product 0,2,152.79966648479106,152.79966648479106,7.737874861529372,7.737874861529372,0.05064065282040103,Complete,PRIVATE_TEST_NAME,private@example.invalid,DO_NOT_EXPORT
68,138,2016-02-04,2016-02-08,4,4,0,Standard Class,USCA,East,Synthetic Category 0,Consumer,Synthetic Product 0,2,67.44782123644116,67.44782123644116,20.129056749731053,20.129056749731053,0.29843894703681834,Complete,PRIVATE_TEST_NAME,private@example.invalid,DO_NOT_EXPORT
68,139,2016-02-04,2016-02-08,4,4,0,Standard Class,USCA,East,Synthetic Category 1,Consumer,Synthetic Product 1,2,73.47653207317113,73.47653207317113,16.389225387600046,16.389225387600046,0.22305387754662867,Complete,PRIVATE_TEST_NAME,private@example.invalid,DO_NOT_EXPORT
69,140,2016-02-04,2016-02-05,1,2,0,Second Class,Europe,West,Synthetic Category 0,Consumer,Synthetic Product 0,2,108.58367934621604,108.58367934621604,2.844781968231139,2.844781968231139,0.026198982990442155,Complete,PRIVATE_TEST_NAME,private@example.invalid,DO_NOT_EXPORT
70,141,2016-02-05,2016-02-09,4,4,0,Standard Class,USCA,East,Synthetic Category 0,Consumer,Synthetic Product 0,2,29.79656537459475,29.79656537459475,-5.827321979324717,-5.827321979324717,-0.19557025805038686,Complete,PRIVATE_TEST_NAME,private@example.invalid,DO_NOT_EXPORT
70,142,2016-02-05,2016-02-09,4,4,0,Standard Class,USCA,East,Synthetic Category 1,Consumer,Synthetic Product 1,2,38.96488347490697,38.96488347490697,-6.891975247441826,-6.891975247441826,-0.17687657790328554,Complete,PRIVATE_TEST_NAME,private@example.invalid,DO_NOT_EXPORT
70,143,2016-02-05,2016-02-09,4,4,0,Standard Class,USCA,East,Synthetic Category 0,Consumer,Synthetic Product 2,2,187.5742997878427,187.5742997878427,-26.407620228336953,-26.407620228336953,-0.14078485303266752,Complete,PRIVATE_TEST_NAME,private@example.invalid,DO_NOT_EXPORT
71,144,2016-02-05,2016-02-09,4,2,1,Second Class,Europe,West,Synthetic Category 0,Consumer,Synthetic Product 0,2,20.199137598579057,20.199137598579057,-1.2186869784696488,-1.2186869784696488,-0.060333614369525335,Complete,PRIVATE_TEST_NAME,private@example.invalid,DO_NOT_EXPORT
71,145,2016-02-05,2016-02-09,4,2,1,Second Class,Europe,West,Synthetic Category 1,Consumer,Synthetic Product 1,2,165.33449764265387,165.33449764265387,20.754423380881978,20.754423380881978,0.12552990257205487,Complete,PRIVATE_TEST_NAME,private@example.invalid,DO_NOT_EXPORT
71,146,2016-02-05,2016-02-09,4,2,1,Second Class,Europe,West,Synthetic Category 0,Consumer,Synthetic Product 2,2,159.52710633009588,159.52710633009588,34.27494157031298,34.27494157031298,0.2148534024016631,Complete,PRIVATE_TEST_NAME,private@example.invalid,DO_NOT_EXPORT
72,147,2016-02-06,2016-02-10,4,4,0,Standard Class,USCA,East,Synthetic Category 0,Consumer,Synthetic Product 0,2,140.90044144981482,140.90044144981482,-25.764134957520184,-25.764134957520184,-0.18285347222774118,Complete,PRIVATE_TEST_NAME,private@example.invalid,DO_NOT_EXPORT
73,148,2016-02-06,2016-02-13,7,4,1,Standard Class,Europe,West,Synthetic Category 0,Consumer,Synthetic Product 0,2,77.47793096378246,77.47793096378246,-8.7824948979295,-8.7824948979295,-0.11335479392234844,Complete,PRIVATE_TEST_NAME,private@example.invalid,DO_NOT_EXPORT
73,149,2016-02-06,2016-02-13,7,4,1,Standard Class,Europe,West,Synthetic Category 1,Consumer,Synthetic Product 1,2,141.95906818835547,141.95906818835547,29.795884244760252,29.795884244760252,0.2098906721846483,Complete,PRIVATE_TEST_NAME,private@example.invalid,DO_NOT_EXPORT
73,150,2016-02-06,2016-02-13,7,4,1,Standard Class,Europe,West,Synthetic Category 0,Consumer,Synthetic Product 2,2,39.528847509909326,39.528847509909326,11.505953987466855,11.505953987466855,0.29107739568127994,Complete,PRIVATE_TEST_NAME,private@example.invalid,DO_NOT_EXPORT
74,151,2016-02-07,2016-02-09,2,2,0,Second Class,USCA,East,Synthetic Category 0,Consumer,Synthetic Product 0,2,161.12170160605984,161.12170160605984,-26.691008703637145,-26.691008703637145,-0.16565744054079234,Complete,PRIVATE_TEST_NAME,private@example.invalid,DO_NOT_EXPORT
75,152,2016-02-07,2016-02-09,2,2,0,Second Class,Europe,West,Synthetic Category 0,Consumer,Synthetic Product 0,2,50.461657149143136,50.461657149143136,11.544833210604232,11.544833210604232,0.22878426636847515,Complete,PRIVATE_TEST_NAME,private@example.invalid,DO_NOT_EXPORT
76,153,2016-02-08,2016-02-11,3,2,1,Second Class,USCA,East,Synthetic Category 0,Consumer,Synthetic Product 0,2,194.92709640988807,194.92709640988807,-17.300493249277945,-17.300493249277945,-0.08875366004990337,Complete,PRIVATE_TEST_NAME,private@example.invalid,DO_NOT_EXPORT
76,154,2016-02-08,2016-02-11,3,2,1,Second Class,USCA,East,Synthetic Category 1,Consumer,Synthetic Product 1,2,54.22005508326637,54.22005508326637,-6.366138005689108,-6.366138005689108,-0.11741297562152153,Complete,PRIVATE_TEST_NAME,private@example.invalid,DO_NOT_EXPORT
77,155,2016-02-08,2016-02-13,5,2,1,Second Class,Europe,West,Synthetic Category 0,Consumer,Synthetic Product 0,2,127.72006070463854,127.72006070463854,-3.380589752555011,-3.380589752555011,-0.026468745269177862,Complete,PRIVATE_TEST_NAME,private@example.invalid,DO_NOT_EXPORT
77,156,2016-02-08,2016-02-13,5,2,1,Second Class,Europe,West,Synthetic Category 1,Consumer,Synthetic Product 1,2,117.29097146572931,117.29097146572931,16.991424569699117,16.991424569699117,0.14486557965515495,Complete,PRIVATE_TEST_NAME,private@example.invalid,DO_NOT_EXPORT
77,157,2016-02-08,2016-02-13,5,2,1,Second Class,Europe,West,Synthetic Category 0,Consumer,Synthetic Product 2,2,41.31627835309741,41.31627835309741,10.39983509169524,10.39983509169524,0.251712775357357,Complete,PRIVATE_TEST_NAME,private@example.invalid,DO_NOT_EXPORT
78,158,2016-02-09,2016-02-14,5,2,1,Second Class,USCA,East,Synthetic Category 0,Consumer,Synthetic Product 0,2,49.620858895759255,49.620858895759255,9.615389675808792,9.615389675808792,0.19377717133047354,Complete,PRIVATE_TEST_NAME,private@example.invalid,DO_NOT_EXPORT
79,159,2016-02-09,2016-02-16,7,4,1,Standard Class,Europe,West,Synthetic Category 0,Consumer,Synthetic Product 0,2,94.08932878843238,94.08932878843238,-10.00005872202442,-10.00005872202442,-0.10628260240340727,Complete,PRIVATE_TEST_NAME,private@example.invalid,DO_NOT_EXPORT
79,160,2016-02-09,2016-02-16,7,4,1,Standard Class,Europe,West,Synthetic Category 1,Consumer,Synthetic Product 1,2,24.22035746572195,24.22035746572195,-3.2192045724814533,-3.2192045724814533,-0.13291317343426734,Complete,PRIVATE_TEST_NAME,private@example.invalid,DO_NOT_EXPORT
79,161,2016-02-09,2016-02-16,7,4,1,Standard Class,Europe,West,Synthetic Category 0,Consumer,Synthetic Product 2,2,192.1143137201662,192.1143137201662,46.482233279043506,46.482233279043506,0.2419509113035146,Complete,PRIVATE_TEST_NAME,private@example.invalid,DO_NOT_EXPORT
80,162,2016-02-10,2016-02-15,5,2,1,Second Class,USCA,East,Synthetic Category 0,Consumer,Synthetic Product 0,2,189.2940240417345,189.2940240417345,21.9696090973787,21.9696090973787,0.1160607642454416,Complete,PRIVATE_TEST_NAME,private@example.invalid,DO_NOT_EXPORT
80,163,2016-02-10,2016-02-15,5,2,1,Second Class,USCA,East,Synthetic Category 1,Consumer,Synthetic Product 1,2,90.89158085635476,90.89158085635476,-6.317379049723826,-6.317379049723826,-0.0695045568599783,Complete,PRIVATE_TEST_NAME,private@example.invalid,DO_NOT_EXPORT
80,164,2016-02-10,2016-02-15,5,2,1,Second Class,USCA,East,Synthetic Category 0,Consumer,Synthetic Product 2,2,156.44532392537087,156.44532392537087,22.651117162585003,22.651117162585003,0.1447861565577394,Complete,PRIVATE_TEST_NAME,private@example.invalid,DO_NOT_EXPORT
81,165,2016-02-10,2016-02-14,4,4,0,Standard Class,Europe,West,Synthetic Category 0,Consumer,Synthetic Product 0,2,135.74773663125052,135.74773663125052,2.819943085031342,2.819943085031342,0.020773407756267237,Complete,PRIVATE_TEST_NAME,private@example.invalid,DO_NOT_EXPORT
82,166,2016-02-11,2016-02-16,5,4,1,Standard Class,USCA,East,Synthetic Category 0,Consumer,Synthetic Product 0,2,59.28410978475427,59.28410978475427,-8.070167205667175,-8.070167205667175,-0.1361269863875485,Complete,PRIVATE_TEST_NAME,private@example.invalid,DO_NOT_EXPORT
83,167,2016-02-11,2016-02-12,1,2,0,Second Class,Europe,West,Synthetic Category 0,Consumer,Synthetic Product 0,2,59.694280165810945,59.694280165810945,-10.539377199519931,-10.539377199519931,-0.17655589731955945,Complete,PRIVATE_TEST_NAME,private@example.invalid,DO_NOT_EXPORT
83,168,2016-02-11,2016-02-12,1,2,0,Second Class,Europe,West,Synthetic Category 1,Consumer,Synthetic Product 1,2,81.54890269819667,81.54890269819667,-10.969141790704422,-10.969141790704422,-0.1345099863734523,Complete,PRIVATE_TEST_NAME,private@example.invalid,DO_NOT_EXPORT
83,169,2016-02-11,2016-02-12,1,2,0,Second Class,Europe,West,Synthetic Category 0,Consumer,Synthetic Product 2,2,146.77666975844213,146.77666975844213,7.667533388675223,7.667533388675223,0.05223945604770891,Complete,PRIVATE_TEST_NAME,private@example.invalid,DO_NOT_EXPORT
84,170,2016-02-12,2016-02-16,4,2,1,Second Class,USCA,East,Synthetic Category 0,Consumer,Synthetic Product 0,2,49.209326627360085,49.209326627360085,-9.284518699266608,-9.284518699266608,-0.1886739635673956,Complete,PRIVATE_TEST_NAME,private@example.invalid,DO_NOT_EXPORT
85,171,2016-02-12,2016-02-16,4,4,0,Standard Class,Europe,West,Synthetic Category 0,Consumer,Synthetic Product 0,2,38.47137742013015,38.47137742013015,-3.8429682198195025,-3.8429682198195025,-0.09989162014793546,Complete,PRIVATE_TEST_NAME,private@example.invalid,DO_NOT_EXPORT
86,172,2016-02-13,2016-02-17,4,2,1,Second Class,USCA,East,Synthetic Category 0,Consumer,Synthetic Product 0,2,23.968657821606183,23.968657821606183,-2.686879730862157,-2.686879730862157,-0.11209971583974593,Complete,PRIVATE_TEST_NAME,private@example.invalid,DO_NOT_EXPORT
86,173,2016-02-13,2016-02-17,4,2,1,Second Class,USCA,East,Synthetic Category 1,Consumer,Synthetic Product 1,2,116.98697156417758,116.98697156417758,-5.2039396831240525,-5.2039396831240525,-0.04448307032436716,Complete,PRIVATE_TEST_NAME,private@example.invalid,DO_NOT_EXPORT
86,174,2016-02-13,2016-02-17,4,2,1,Second Class,USCA,East,Synthetic Category 0,Consumer,Synthetic Product 2,2,104.78417509585233,104.78417509585233,30.784815597894678,30.784815597894678,0.29379260341300556,Complete,PRIVATE_TEST_NAME,private@example.invalid,DO_NOT_EXPORT
87,175,2016-02-13,2016-02-15,2,2,0,Second Class,Europe,West,Synthetic Category 0,Consumer,Synthetic Product 0,2,21.27980622587135,21.27980622587135,-0.38036698262408025,-0.38036698262408025,-0.017874551045565512,Complete,PRIVATE_TEST_NAME,private@example.invalid,DO_NOT_EXPORT
88,176,2016-02-14,2016-02-19,5,4,1,Standard Class,USCA,East,Synthetic Category 0,Consumer,Synthetic Product 0,2,137.80612833315513,137.80612833315513,39.871567529036575,39.871567529036575,0.28933087382474393,Complete,PRIVATE_TEST_NAME,private@example.invalid,DO_NOT_EXPORT
89,177,2016-02-14,2016-02-17,3,2,1,Second Class,Europe,West,Synthetic Category 0,Consumer,Synthetic Product 0,2,149.22298552412127,149.22298552412127,-29.461096689839124,-29.461096689839124,-0.1974300178110085,Complete,PRIVATE_TEST_NAME,private@example.invalid,DO_NOT_EXPORT
90,178,2016-02-15,2016-02-21,6,4,1,Standard Class,USCA,East,Synthetic Category 0,Consumer,Synthetic Product 0,2,38.26070396694476,38.26070396694476,10.048427316263243,10.048427316263243,0.2626304870120674,Complete,PRIVATE_TEST_NAME,private@example.invalid,DO_NOT_EXPORT
90,179,2016-02-15,2016-02-21,6,4,1,Standard Class,USCA,East,Synthetic Category 1,Consumer,Synthetic Product 1,2,182.4762951214045,182.4762951214045,-2.7236980849304193,-2.7236980849304193,-0.014926311842961839,Complete,PRIVATE_TEST_NAME,private@example.invalid,DO_NOT_EXPORT
90,180,2016-02-15,2016-02-21,6,4,1,Standard Class,USCA,East,Synthetic Category 0,Consumer,Synthetic Product 2,2,21.142061923802952,21.142061923802952,-1.4298149358235543,-1.4298149358235543,-0.06762892573944201,Complete,PRIVATE_TEST_NAME,private@example.invalid,DO_NOT_EXPORT
91,181,2016-02-15,2016-02-19,4,2,1,Second Class,Europe,West,Synthetic Category 0,Consumer,Synthetic Product 0,2,93.16164870992587,93.16164870992587,12.244531621181755,12.244531621181755,0.1314331786817891,Complete,PRIVATE_TEST_NAME,private@example.invalid,DO_NOT_EXPORT
91,182,2016-02-15,2016-02-19,4,2,1,Second Class,Europe,West,Synthetic Category 1,Consumer,Synthetic Product 1,2,70.66889810490915,70.66889810490915,8.15448428959733,8.15448428959733,0.11539000194246503,Complete,PRIVATE_TEST_NAME,private@example.invalid,DO_NOT_EXPORT
91,183,2016-02-15,2016-02-19,4,2,1,Second Class,Europe,West,Synthetic Category 0,Consumer,Synthetic Product 2,2,100.1378623555535,100.1378623555535,30.01158530821942,30.01158530821942,0.29970267591352295,Complete,PRIVATE_TEST_NAME,private@example.invalid,DO_NOT_EXPORT
92,184,2016-02-16,2016-02-19,3,2,1,Second Class,USCA,East,Synthetic Category 0,Consumer,Synthetic Product 0,2,111.75087339161828,111.75087339161828,0.873512123305482,0.873512123305482,0.007816602204479939,Complete,PRIVATE_TEST_NAME,private@example.invalid,DO_NOT_EXPORT
92,185,2016-02-16,2016-02-19,3,2,1,Second Class,USCA,East,Synthetic Category 1,Consumer,Synthetic Product 1,2,23.78874806323371,23.78874806323371,-0.7752703855636404,-0.7752703855636404,-0.03258979343943896,Complete,PRIVATE_TEST_NAME,private@example.invalid,DO_NOT_EXPORT
92,186,2016-02-16,2016-02-19,3,2,1,Second Class,USCA,East,Synthetic Category 0,Consumer,Synthetic Product 2,2,150.9612897318765,150.9612897318765,27.706391713560475,27.706391713560475,0.18353308826898612,Complete,PRIVATE_TEST_NAME,private@example.invalid,DO_NOT_EXPORT
93,187,2016-02-16,2016-02-17,1,2,0,Second Class,Europe,West,Synthetic Category 0,Consumer,Synthetic Product 0,2,49.37094443847053,49.37094443847053,11.585736039977562,11.585736039977562,0.23466709360637214,Complete,PRIVATE_TEST_NAME,private@example.invalid,DO_NOT_EXPORT
94,188,2016-02-17,2016-02-21,4,4,0,Standard Class,USCA,East,Synthetic Category 0,Consumer,Synthetic Product 0,2,62.425270153911,62.425270153911,9.62438749352177,9.62438749352177,0.15417454293417732,Complete,PRIVATE_TEST_NAME,private@example.invalid,DO_NOT_EXPORT
94,189,2016-02-17,2016-02-21,4,4,0,Standard Class,USCA,East,Synthetic Category 1,Consumer,Synthetic Product 1,2,174.56410485054167,174.56410485054167,49.1985359624464,49.1985359624464,0.28183649785601234,Complete,PRIVATE_TEST_NAME,private@example.invalid,DO_NOT_EXPORT
95,190,2016-02-17,2016-02-23,6,4,1,Standard Class,Europe,West,Synthetic Category 0,Consumer,Synthetic Product 0,2,90.71443111644929,90.71443111644929,22.895060795116947,22.895060795116947,0.25238609241485255,Complete,PRIVATE_TEST_NAME,private@example.invalid,DO_NOT_EXPORT
95,191,2016-02-17,2016-02-23,6,4,1,Standard Class,Europe,West,Synthetic Category 1,Consumer,Synthetic Product 1,2,104.96656337344005,104.96656337344005,-14.488957201956596,-14.488957201956596,-0.13803402470564996,Complete,PRIVATE_TEST_NAME,private@example.invalid,DO_NOT_EXPORT
96,192,2016-02-18,2016-02-22,4,4,0,Standard Class,USCA,East,Synthetic Category 0,Consumer,Synthetic Product 0,2,47.35136660516759,47.35136660516759,-7.223120243347029,-7.223120243347029,-0.15254301535953452,Complete,PRIVATE_TEST_NAME,private@example.invalid,DO_NOT_EXPORT
96,193,2016-02-18,2016-02-22,4,4,0,Standard Class,USCA,East,Synthetic Category 1,Consumer,Synthetic Product 1,2,75.90394330176868,75.90394330176868,5.944784029726236,5.944784029726236,0.07831983123843467,Complete,PRIVATE_TEST_NAME,private@example.invalid,DO_NOT_EXPORT
96,194,2016-02-18,2016-02-22,4,4,0,Standard Class,USCA,East,Synthetic Category 0,Consumer,Synthetic Product 2,2,77.6796969475545,77.6796969475545,7.7250512989829,7.7250512989829,0.09944749532427338,Complete,PRIVATE_TEST_NAME,private@example.invalid,DO_NOT_EXPORT
97,195,2016-02-18,2016-02-23,5,4,1,Standard Class,Europe,West,Synthetic Category 0,Consumer,Synthetic Product 0,2,194.51123825583323,194.51123825583323,21.993994806972314,21.993994806972314,0.11307313142515935,Complete,PRIVATE_TEST_NAME,private@example.invalid,DO_NOT_EXPORT
98,196,2016-02-19,2016-02-23,4,4,0,Standard Class,USCA,East,Synthetic Category 0,Consumer,Synthetic Product 0,2,24.821734096729372,24.821734096729372,2.7655872413951945,2.7655872413951945,0.11141797066304088,Complete,PRIVATE_TEST_NAME,private@example.invalid,DO_NOT_EXPORT
99,197,2016-02-19,2016-02-21,2,2,0,Second Class,Europe,West,Synthetic Category 0,Consumer,Synthetic Product 0,2,79.50742525796154,79.50742525796154,0.9654126802753524,0.9654126802753524,0.012142421630974398,Complete,PRIVATE_TEST_NAME,private@example.invalid,DO_NOT_EXPORT
100,198,2016-02-20,2016-02-22,2,2,0,Second Class,USCA,East,Synthetic Category 0,Consumer,Synthetic Product 0,2,140.9066465413847,140.9066465413847,25.971699230675682,25.971699230675682,0.18431848225873232,Complete,PRIVATE_TEST_NAME,private@example.invalid,DO_NOT_EXPORT
100,199,2016-02-20,2016-02-22,2,2,0,Second Class,USCA,East,Synthetic Category 1,Consumer,Synthetic Product 1,2,102.52869602082266,102.52869602082266,-16.11262281208417,-16.11262281208417,-0.15715232356814368,Complete,PRIVATE_TEST_NAME,private@example.invalid,DO_NOT_EXPORT
101,200,2016-02-20,2016-02-24,4,4,0,Standard Class,Europe,West,Synthetic Category 0,Consumer,Synthetic Product 0,2,183.16404054921918,183.16404054921918,51.79361194181017,51.79361194181017,0.2827717262979486,Complete,PRIVATE_TEST_NAME,private@example.invalid,DO_NOT_EXPORT
101,201,2016-02-20,2016-02-24,4,4,0,Standard Class,Europe,West,Synthetic Category 1,Consumer,Synthetic Product 1,2,162.52064653900453,162.52064653900453,24.620806943106547,24.620806943106547,0.15149341002158528,Complete,PRIVATE_TEST_NAME,private@example.invalid,DO_NOT_EXPORT
101,202,2016-02-20,2016-02-24,4,4,0,Standard Class,Europe,West,Synthetic Category 0,Consumer,Synthetic Product 2,2,118.2146347932627,118.2146347932627,-3.8581506619218686,-3.8581506619218686,-0.03263682765394588,Complete,PRIVATE_TEST_NAME,private@example.invalid,DO_NOT_EXPORT
102,203,2016-02-21,2016-02-25,4,4,0,Standard Class,USCA,East,Synthetic Category 0,Consumer,Synthetic Product 0,2,52.138976174740655,52.138976174740655,8.783897936437253,8.783897936437253,0.16847085579506865,Complete,PRIVATE_TEST_NAME,private@example.invalid,DO_NOT_EXPORT
102,204,2016-02-21,2016-02-25,4,4,0,Standard Class,USCA,East,Synthetic Category 1,Consumer,Synthetic Product 1,2,117.79468572261842,117.79468572261842,10.896974291293803,10.896974291293803,0.092508199537574,Complete,PRIVATE_TEST_NAME,private@example.invalid,DO_NOT_EXPORT
102,205,2016-02-21,2016-02-25,4,4,0,Standard Class,USCA,East,Synthetic Category 0,Consumer,Synthetic Product 2,2,90.40383203356676,90.40383203356676,7.408376542752043,7.408376542752043,0.081947594212614,Complete,PRIVATE_TEST_NAME,private@example.invalid,DO_NOT_EXPORT
103,206,2016-02-21,2016-02-27,6,4,1,Standard Class,Europe,West,Synthetic Category 0,Consumer,Synthetic Product 0,2,165.12722397177728,165.12722397177728,-31.101655576639082,-31.101655576639082,-0.18834965445767332,Complete,PRIVATE_TEST_NAME,private@example.invalid,DO_NOT_EXPORT
103,207,2016-02-21,2016-02-27,6,4,1,Standard Class,Europe,West,Synthetic Category 1,Consumer,Synthetic Product 1,2,164.37379848048096,164.37379848048096,40.342104019464344,40.342104019464344,0.24542904278174774,Complete,PRIVATE_TEST_NAME,private@example.invalid,DO_NOT_EXPORT
104,208,2016-02-22,2016-02-24,2,2,0,Second Class,USCA,East,Synthetic Category 0,Consumer,Synthetic Product 0,2,102.98431461692759,102.98431461692759,2.0244829507790625,2.0244829507790625,0.019658167928869208,Complete,PRIVATE_TEST_NAME,private@example.invalid,DO_NOT_EXPORT
104,209,2016-02-22,2016-02-24,2,2,0,Second Class,USCA,East,Synthetic Category 1,Consumer,Synthetic Product 1,2,87.36234939167936,87.36234939167936,-13.841196927452094,-13.841196927452094,-0.15843434870777834,Complete,PRIVATE_TEST_NAME,private@example.invalid,DO_NOT_EXPORT
104,210,2016-02-22,2016-02-24,2,2,0,Second Class,USCA,East,Synthetic Category 0,Consumer,Synthetic Product 2,2,177.37895711134777,177.37895711134777,-13.03103136798266,-13.03103136798266,-0.07346435890815711,Complete,PRIVATE_TEST_NAME,private@example.invalid,DO_NOT_EXPORT
105,211,2016-02-22,2016-02-25,3,4,0,Standard Class,Europe,West,Synthetic Category 0,Consumer,Synthetic Product 0,2,44.94966154528625,44.94966154528625,8.193945163573147,8.193945163573147,0.18229158756441013,Complete,PRIVATE_TEST_NAME,private@example.invalid,DO_NOT_EXPORT
105,212,2016-02-22,2016-02-25,3,4,0,Standard Class,Europe,West,Synthetic Category 1,Consumer,Synthetic Product 1,2,169.95130563458036,169.95130563458036,-12.075558490263022,-12.075558490263022,-0.07105304925533906,Complete,PRIVATE_TEST_NAME,private@example.invalid,DO_NOT_EXPORT
105,213,2016-02-22,2016-02-25,3,4,0,Standard Class,Europe,West,Synthetic Category 0,Consumer,Synthetic Product 2,2,38.16083848443969,38.16083848443969,-0.6128866872500045,-0.6128866872500045,-0.01606061899032729,Complete,PRIVATE_TEST_NAME,private@example.invalid,DO_NOT_EXPORT
106,214,2016-02-23,2016-02-27,4,4,0,Standard Class,USCA,East,Synthetic Category 0,Consumer,Synthetic Product 0,2,125.30540070029097,125.30540070029097,31.317453375365925,31.317453375365925,0.24992899907221,Complete,PRIVATE_TEST_NAME,private@example.invalid,DO_NOT_EXPORT
107,215,2016-02-23,2016-02-28,5,4,1,Standard Class,Europe,West,Synthetic Category 0,Consumer,Synthetic Product 0,2,127.3222156159089,127.3222156159089,-19.70398697874144,-19.70398697874144,-0.15475686535476396,Complete,PRIVATE_TEST_NAME,private@example.invalid,DO_NOT_EXPORT
107,216,2016-02-23,2016-02-28,5,4,1,Standard Class,Europe,West,Synthetic Category 1,Consumer,Synthetic Product 1,2,75.17130558518257,75.17130558518257,19.340135867600992,19.340135867600992,0.2572808296602638,Complete,PRIVATE_TEST_NAME,private@example.invalid,DO_NOT_EXPORT
107,217,2016-02-23,2016-02-28,5,4,1,Standard Class,Europe,West,Synthetic Category 0,Consumer,Synthetic Product 2,2,173.20775040445082,173.20775040445082,32.04848938728883,32.04848938728883,0.1850291878536245,Complete,PRIVATE_TEST_NAME,private@example.invalid,DO_NOT_EXPORT
108,218,2016-02-24,2016-02-29,5,2,1,Second Class,USCA,East,Synthetic Category 0,Consumer,Synthetic Product 0,2,152.07649312357486,152.07649312357486,18.10348295204625,18.10348295204625,0.11904195434948422,Complete,PRIVATE_TEST_NAME,private@example.invalid,DO_NOT_EXPORT
108,219,2016-02-24,2016-02-29,5,2,1,Second Class,USCA,East,Synthetic Category 1,Consumer,Synthetic Product 1,2,122.17520249962018,122.17520249962018,-21.304878739637065,-21.304878739637065,-0.17437972930475232,Complete,PRIVATE_TEST_NAME,private@example.invalid,DO_NOT_EXPORT
108,220,2016-02-24,2016-02-29,5,2,1,Second Class,USCA,East,Synthetic Category 0,Consumer,Synthetic Product 2,2,37.83266330287794,37.83266330287794,-3.1798431447624114,-3.1798431447624114,-0.08405020601656982,Complete,PRIVATE_TEST_NAME,private@example.invalid,DO_NOT_EXPORT
109,221,2016-02-24,2016-02-29,5,4,1,Standard Class,Europe,West,Synthetic Category 0,Consumer,Synthetic Product 0,2,104.02800752014751,104.02800752014751,9.475360559682741,9.475360559682741,0.09108470675887559,Complete,PRIVATE_TEST_NAME,private@example.invalid,DO_NOT_EXPORT
109,222,2016-02-24,2016-02-29,5,4,1,Standard Class,Europe,West,Synthetic Category 1,Consumer,Synthetic Product 1,2,154.7832487028047,154.7832487028047,12.243129877301609,12.243129877301609,0.07909854573998071,Complete,PRIVATE_TEST_NAME,private@example.invalid,DO_NOT_EXPORT
110,223,2016-02-25,2016-02-28,3,2,1,Second Class,USCA,East,Synthetic Category 0,Consumer,Synthetic Product 0,2,101.54845951939994,101.54845951939994,26.53464086746146,26.53464086746146,0.2613002796206106,Complete,PRIVATE_TEST_NAME,private@example.invalid,DO_NOT_EXPORT
110,224,2016-02-25,2016-02-28,3,2,1,Second Class,USCA,East,Synthetic Category 1,Consumer,Synthetic Product 1,2,157.50520869074748,157.50520869074748,3.586025802572967,3.586025802572967,0.02276766484347781,Complete,PRIVATE_TEST_NAME,private@example.invalid,DO_NOT_EXPORT
110,225,2016-02-25,2016-02-28,3,2,1,Second Class,USCA,East,Synthetic Category 0,Consumer,Synthetic Product 2,2,52.47083935257349,52.47083935257349,8.124260579248649,8.124260579248649,0.15483382159485476,Complete,PRIVATE_TEST_NAME,private@example.invalid,DO_NOT_EXPORT
111,226,2016-02-25,2016-02-29,4,4,0,Standard Class,Europe,West,Synthetic Category 0,Consumer,Synthetic Product 0,2,128.15090848808111,128.15090848808111,-0.8240441840373436,-0.8240441840373436,-0.006430264082864345,Complete,PRIVATE_TEST_NAME,private@example.invalid,DO_NOT_EXPORT
111,227,2016-02-25,2016-02-29,4,4,0,Standard Class,Europe,West,Synthetic Category 1,Consumer,Synthetic Product 1,2,159.92426205839084,159.92426205839084,-9.397075565316587,-9.397075565316587,-0.0587595368230342,Complete,PRIVATE_TEST_NAME,private@example.invalid,DO_NOT_EXPORT
111,228,2016-02-25,2016-02-29,4,4,0,Standard Class,Europe,West,Synthetic Category 0,Consumer,Synthetic Product 2,2,104.46261494754212,104.46261494754212,-2.426869701669175,-2.426869701669175,-0.02323194477649132,Complete,PRIVATE_TEST_NAME,private@example.invalid,DO_NOT_EXPORT
112,229,2016-02-26,2016-02-28,2,2,0,Second Class,USCA,East,Synthetic Category 0,Consumer,Synthetic Product 0,2,96.55223552118,96.55223552118,-7.947085644303747,-7.947085644303747,-0.08230866537067855,Complete,PRIVATE_TEST_NAME,private@example.invalid,DO_NOT_EXPORT
112,230,2016-02-26,2016-02-28,2,2,0,Second Class,USCA,East,Synthetic Category 1,Consumer,Synthetic Product 1,2,175.17338673416123,175.17338673416123,46.17293980615237,46.17293980615237,0.26358421599865095,Complete,PRIVATE_TEST_NAME,private@example.invalid,DO_NOT_EXPORT
112,231,2016-02-26,2016-02-28,2,2,0,Second Class,USCA,East,Synthetic Category 0,Consumer,Synthetic Product 2,2,86.47091939344577,86.47091939344577,20.668025293989107,20.668025293989107,0.23901706422189006,Complete,PRIVATE_TEST_NAME,private@example.invalid,DO_NOT_EXPORT
113,232,2016-02-26,2016-02-28,2,2,0,Second Class,Europe,West,Synthetic Category 0,Consumer,Synthetic Product 0,2,69.03435174790211,69.03435174790211,-8.29238768612984,-8.29238768612984,-0.12011972990507351,Complete,PRIVATE_TEST_NAME,private@example.invalid,DO_NOT_EXPORT
113,233,2016-02-26,2016-02-28,2,2,0,Second Class,Europe,West,Synthetic Category 1,Consumer,Synthetic Product 1,2,113.47927190918601,113.47927190918601,0.1494794766998281,0.1494794766998281,0.0013172403575117397,Complete,PRIVATE_TEST_NAME,private@example.invalid,DO_NOT_EXPORT
113,234,2016-02-26,2016-02-28,2,2,0,Second Class,Europe,West,Synthetic Category 0,Consumer,Synthetic Product 2,2,20.052347259991183,20.052347259991183,-3.5535510078558117,-3.5535510078558117,-0.17721371776489842,Complete,PRIVATE_TEST_NAME,private@example.invalid,DO_NOT_EXPORT
114,235,2016-02-27,2016-03-01,3,4,0,Standard Class,USCA,East,Synthetic Category 0,Consumer,Synthetic Product 0,2,82.17986312950678,82.17986312950678,-15.082643435279058,-15.082643435279058,-0.18353210702615075,Complete,PRIVATE_TEST_NAME,private@example.invalid,DO_NOT_EXPORT
114,236,2016-02-27,2016-03-01,3,4,0,Standard Class,USCA,East,Synthetic Category 1,Consumer,Synthetic Product 1,2,97.36849302664311,97.36849302664311,-13.43785948364321,-13.43785948364321,-0.13801034673471002,Complete,PRIVATE_TEST_NAME,private@example.invalid,DO_NOT_EXPORT
115,237,2016-02-27,2016-03-01,3,4,0,Standard Class,Europe,West,Synthetic Category 0,Consumer,Synthetic Product 0,2,33.948068667260245,33.948068667260245,1.021960637947755,1.021960637947755,0.03010364589409886,Complete,PRIVATE_TEST_NAME,private@example.invalid,DO_NOT_EXPORT
116,238,2016-02-28,2016-03-03,4,4,0,Standard Class,USCA,East,Synthetic Category 0,Consumer,Synthetic Product 0,2,196.23147658640437,196.23147658640437,-37.114871983189246,-37.114871983189246,-0.18913821894851246,Complete,PRIVATE_TEST_NAME,private@example.invalid,DO_NOT_EXPORT
117,239,2016-02-28,2016-03-03,4,4,0,Standard Class,Europe,West,Synthetic Category 0,Consumer,Synthetic Product 0,2,189.7563332854063,189.7563332854063,-8.032093607313046,-8.032093607313046,-0.04232846128636052,Complete,PRIVATE_TEST_NAME,private@example.invalid,DO_NOT_EXPORT
117,240,2016-02-28,2016-03-03,4,4,0,Standard Class,Europe,West,Synthetic Category 1,Consumer,Synthetic Product 1,2,134.19470011929917,134.19470011929917,-9.69346969981122,-9.69346969981122,-0.07223437059134019,Complete,PRIVATE_TEST_NAME,private@example.invalid,DO_NOT_EXPORT
118,241,2016-02-29,2016-03-04,4,4,0,Standard Class,USCA,East,Synthetic Category 0,Consumer,Synthetic Product 0,2,35.74341877611364,35.74341877611364,-2.03511658150947,-2.03511658150947,-0.056936819453585204,Complete,PRIVATE_TEST_NAME,private@example.invalid,DO_NOT_EXPORT
118,242,2016-02-29,2016-03-04,4,4,0,Standard Class,USCA,East,Synthetic Category 1,Consumer,Synthetic Product 1,2,99.96837382837934,99.96837382837934,-16.989472363470867,-16.989472363470867,-0.16994847183007633,Complete,PRIVATE_TEST_NAME,private@example.invalid,DO_NOT_EXPORT
119,243,2016-02-29,2016-03-04,4,4,0,Standard Class,Europe,West,Synthetic Category 0,Consumer,Synthetic Product 0,2,190.12539854882772,190.12539854882772,10.653764614849537,10.653764614849537,0.05603546236413781,Complete,PRIVATE_TEST_NAME,private@example.invalid,DO_NOT_EXPORT
119,244,2016-02-29,2016-03-04,4,4,0,Standard Class,Europe,West,Synthetic Category 1,Consumer,Synthetic Product 1,2,125.69451908919783,125.69451908919783,26.28938877501323,26.28938877501323,0.20915302405793235,Complete,PRIVATE_TEST_NAME,private@example.invalid,DO_NOT_EXPORT
119,245,2016-02-29,2016-03-04,4,4,0,Standard Class,Europe,West,Synthetic Category 0,Consumer,Synthetic Product 2,2,81.77445245255598,81.77445245255598,-12.257590053737593,-12.257590053737593,-0.14989510398555367,Complete,PRIVATE_TEST_NAME,private@example.invalid,DO_NOT_EXPORT
120,246,2016-03-01,2016-03-04,3,2,1,Second Class,USCA,East,Synthetic Category 0,Consumer,Synthetic Product 0,2,143.8138828067655,143.8138828067655,39.35625216953867,39.35625216953867,0.2736610082520296,Complete,PRIVATE_TEST_NAME,private@example.invalid,DO_NOT_EXPORT
121,247,2016-03-01,2016-03-05,4,4,0,Standard Class,Europe,West,Synthetic Category 0,Consumer,Synthetic Product 0,2,178.66769766252193,178.66769766252193,-0.2483203741861776,-0.2483203741861776,-0.0013898448204958669,Complete,PRIVATE_TEST_NAME,private@example.invalid,DO_NOT_EXPORT
121,248,2016-03-01,2016-03-05,4,4,0,Standard Class,Europe,West,Synthetic Category 1,Consumer,Synthetic Product 1,2,43.250381589064844,43.250381589064844,-3.0639229758283903,-3.0639229758283903,-0.07084152470467575,Complete,PRIVATE_TEST_NAME,private@example.invalid,DO_NOT_EXPORT
121,249,2016-03-01,2016-03-05,4,4,0,Standard Class,Europe,West,Synthetic Category 0,Consumer,Synthetic Product 2,2,160.5111938962277,160.5111938962277,37.10912913824206,37.10912913824206,0.23119340301109176,Complete,PRIVATE_TEST_NAME,private@example.invalid,DO_NOT_EXPORT
122,250,2016-03-02,2016-03-07,5,2,1,Second Class,USCA,East,Synthetic Category 0,Consumer,Synthetic Product 0,2,197.1710552328286,197.1710552328286,-26.276013742240014,-26.276013742240014,-0.1332650662705644,Complete,PRIVATE_TEST_NAME,private@example.invalid,DO_NOT_EXPORT
122,251,2016-03-02,2016-03-07,5,2,1,Second Class,USCA,East,Synthetic Category 1,Consumer,Synthetic Product 1,2,108.39420817769538,108.39420817769538,14.103287250745641,14.103287250745641,0.13011107777664194,Complete,PRIVATE_TEST_NAME,private@example.invalid,DO_NOT_EXPORT
122,252,2016-03-02,2016-03-07,5,2,1,Second Class,USCA,East,Synthetic Category 0,Consumer,Synthetic Product 2,2,195.81640152247755,195.81640152247755,53.70082845679995,53.70082845679995,0.27424070731192396,Complete,PRIVATE_TEST_NAME,private@example.invalid,DO_NOT_EXPORT
123,253,2016-03-02,2016-03-04,2,2,0,Second Class,Europe,West,Synthetic Category 0,Consumer,Synthetic Product 0,2,112.74002663571528,112.74002663571528,-17.11517449288214,-17.11517449288214,-0.15181098500344126,Complete,PRIVATE_TEST_NAME,private@example.invalid,DO_NOT_EXPORT
123,254,2016-03-02,2016-03-04,2,2,0,Second Class,Europe,West,Synthetic Category 1,Consumer,Synthetic Product 1,2,30.463684491232115,30.463684491232115,9.126796782328285,9.126796782328285,0.2995959594104616,Complete,PRIVATE_TEST_NAME,private@example.invalid,DO_NOT_EXPORT
124,255,2016-03-03,2016-03-08,5,4,1,Standard Class,USCA,East,Synthetic Category 0,Consumer,Synthetic Product 0,2,133.7614519502751,133.7614519502751,20.05568847481861,20.05568847481861,0.14993623485990698,Complete,PRIVATE_TEST_NAME,private@example.invalid,DO_NOT_EXPORT
124,256,2016-03-03,2016-03-08,5,4,1,Standard Class,USCA,East,Synthetic Category 1,Consumer,Synthetic Product 1,2,125.14760753472206,125.14760753472206,24.74339045202066,24.74339045202066,0.19771365141883063,Complete,PRIVATE_TEST_NAME,private@example.invalid,DO_NOT_EXPORT
124,257,2016-03-03,2016-03-08,5,4,1,Standard Class,USCA,East,Synthetic Category 0,Consumer,Synthetic Product 2,2,70.91013495362512,70.91013495362512,-5.345683325489377,-5.345683325489377,-0.07538673179772437,Complete,PRIVATE_TEST_NAME,private@example.invalid,DO_NOT_EXPORT
125,258,2016-03-03,2016-03-06,3,2,1,Second Class,Europe,West,Synthetic Category 0,Consumer,Synthetic Product 0,2,113.06755001490875,113.06755001490875,31.407642136441346,31.407642136441346,0.2777776836262927,Complete,PRIVATE_TEST_NAME,private@example.invalid,DO_NOT_EXPORT
126,259,2016-03-04,2016-03-07,3,2,1,Second Class,USCA,East,Synthetic Category 0,Consumer,Synthetic Product 0,2,128.59239131973396,128.59239131973396,32.01263166604069,32.01263166604069,0.24894654603975772,Complete,PRIVATE_TEST_NAME,private@example.invalid,DO_NOT_EXPORT
127,260,2016-03-04,2016-03-07,3,2,1,Second Class,Europe,West,Synthetic Category 0,Consumer,Synthetic Product 0,2,131.87890560456935,131.87890560456935,13.292474676338319,13.292474676338319,0.1007930314207715,Complete,PRIVATE_TEST_NAME,private@example.invalid,DO_NOT_EXPORT
127,261,2016-03-04,2016-03-07,3,2,1,Second Class,Europe,West,Synthetic Category 1,Consumer,Synthetic Product 1,2,77.0237671902776,77.0237671902776,8.317948255137523,8.317948255137523,0.10799196869440404,Complete,PRIVATE_TEST_NAME,private@example.invalid,DO_NOT_EXPORT
127,262,2016-03-04,2016-03-07,3,2,1,Second Class,Europe,West,Synthetic Category 0,Consumer,Synthetic Product 2,2,158.0902071207827,158.0902071207827,32.492831812940686,32.492831812940686,0.20553348878919359,Complete,PRIVATE_TEST_NAME,private@example.invalid,DO_NOT_EXPORT
128,263,2016-03-05,2016-03-07,2,2,0,Second Class,USCA,East,Synthetic Category 0,Consumer,Synthetic Product 0,2,110.7771169722863,110.7771169722863,20.03393552730539,20.03393552730539,0.18084904242739397,Complete,PRIVATE_TEST_NAME,private@example.invalid,DO_NOT_EXPORT
128,264,2016-03-05,2016-03-07,2,2,0,Second Class,USCA,East,Synthetic Category 1,Consumer,Synthetic Product 1,2,30.022126569059502,30.022126569059502,4.948693030187517,4.948693030187517,0.16483486000913705,Complete,PRIVATE_TEST_NAME,private@example.invalid,DO_NOT_EXPORT
128,265,2016-03-05,2016-03-07,2,2,0,Second Class,USCA,East,Synthetic Category 0,Consumer,Synthetic Product 2,2,65.68190197124102,65.68190197124102,-10.317181871674903,-10.317181871674903,-0.15707800112414994,Complete,PRIVATE_TEST_NAME,private@example.invalid,DO_NOT_EXPORT
129,266,2016-03-05,2016-03-07,2,2,0,Second Class,Europe,West,Synthetic Category 0,Consumer,Synthetic Product 0,2,196.16418149815362,196.16418149815362,-20.85926450534819,-20.85926450534819,-0.10633574562920155,Complete,PRIVATE_TEST_NAME,private@example.invalid,DO_NOT_EXPORT
130,267,2016-03-06,2016-03-09,3,2,1,Second Class,USCA,East,Synthetic Category 0,Consumer,Synthetic Product 0,2,171.0912702323646,171.0912702323646,38.2011700539286,38.2011700539286,0.22327948119180105,Complete,PRIVATE_TEST_NAME,private@example.invalid,DO_NOT_EXPORT
130,268,2016-03-06,2016-03-09,3,2,1,Second Class,USCA,East,Synthetic Category 1,Consumer,Synthetic Product 1,2,99.25631030619508,99.25631030619508,-6.690415980613255,-6.690415980613255,-0.06740544716979746,Complete,PRIVATE_TEST_NAME,private@example.invalid,DO_NOT_EXPORT
130,269,2016-03-06,2016-03-09,3,2,1,Second Class,USCA,East,Synthetic Category 0,Consumer,Synthetic Product 2,2,106.46835932787005,106.46835932787005,29.501465045403602,29.501465045403602,0.2770913840660739,Complete,PRIVATE_TEST_NAME,private@example.invalid,DO_NOT_EXPORT
131,270,2016-03-06,2016-03-08,2,2,0,Second Class,Europe,West,Synthetic Category 0,Consumer,Synthetic Product 0,2,157.01681885906288,157.01681885906288,6.100688492786554,6.100688492786554,0.03885372622573946,Complete,PRIVATE_TEST_NAME,private@example.invalid,DO_NOT_EXPORT
131,271,2016-03-06,2016-03-08,2,2,0,Second Class,Europe,West,Synthetic Category 1,Consumer,Synthetic Product 1,2,63.826959060864425,63.826959060864425,-11.321916056856812,-11.321916056856812,-0.1773845444533932,Complete,PRIVATE_TEST_NAME,private@example.invalid,DO_NOT_EXPORT
132,272,2016-03-07,2016-03-10,3,2,1,Second Class,USCA,East,Synthetic Category 0,Consumer,Synthetic Product 0,2,66.32229200103502,66.32229200103502,-12.855740375983881,-12.855740375983881,-0.19383739596609922,Complete,PRIVATE_TEST_NAME,private@example.invalid,DO_NOT_EXPORT
132,273,2016-03-07,2016-03-10,3,2,1,Second Class,USCA,East,Synthetic Category 1,Consumer,Synthetic Product 1,2,197.0125989505073,197.0125989505073,44.33907830239301,44.33907830239301,0.22505707014977094,Complete,PRIVATE_TEST_NAME,private@example.invalid,DO_NOT_EXPORT
132,274,2016-03-07,2016-03-10,3,2,1,Second Class,USCA,East,Synthetic Category 0,Consumer,Synthetic Product 2,2,131.87568295507066,131.87568295507066,12.54768241167526,12.54768241167526,0.09514780989570448,Complete,PRIVATE_TEST_NAME,private@example.invalid,DO_NOT_EXPORT
133,275,2016-03-07,2016-03-09,2,2,0,Second Class,Europe,West,Synthetic Category 0,Consumer,Synthetic Product 0,2,132.02230107482742,132.02230107482742,-6.581196146701691,-6.581196146701691,-0.049849124679107126,Complete,PRIVATE_TEST_NAME,private@example.invalid,DO_NOT_EXPORT
134,276,2016-03-08,2016-03-11,3,2,1,Second Class,USCA,East,Synthetic Category 0,Consumer,Synthetic Product 0,2,135.38975581963805,135.38975581963805,33.90561801856202,33.90561801856202,0.25042971540424386,Complete,PRIVATE_TEST_NAME,private@example.invalid,DO_NOT_EXPORT
134,277,2016-03-08,2016-03-11,3,2,1,Second Class,USCA,East,Synthetic Category 1,Consumer,Synthetic Product 1,2,36.36558557386725,36.36558557386725,-6.51909685279399,-6.51909685279399,-0.1792655542298951,Complete,PRIVATE_TEST_NAME,private@example.invalid,DO_NOT_EXPORT
134,278,2016-03-08,2016-03-11,3,2,1,Second Class,USCA,East,Synthetic Category 0,Consumer,Synthetic Product 2,2,20.140693806914477,20.140693806914477,5.84015667040198,5.84015667040198,0.28996799844089793,Complete,PRIVATE_TEST_NAME,private@example.invalid,DO_NOT_EXPORT
135,279,2016-03-08,2016-03-11,3,2,1,Second Class,Europe,West,Synthetic Category 0,Consumer,Synthetic Product 0,2,136.49170284217055,136.49170284217055,-11.568878821547102,-11.568878821547102,-0.08475884306993037,Complete,PRIVATE_TEST_NAME,private@example.invalid,DO_NOT_EXPORT
135,280,2016-03-08,2016-03-11,3,2,1,Second Class,Europe,West,Synthetic Category 1,Consumer,Synthetic Product 1,2,140.14054169296057,140.14054169296057,18.166075206440276,18.166075206440276,0.12962755093555328,Complete,PRIVATE_TEST_NAME,private@example.invalid,DO_NOT_EXPORT
135,281,2016-03-08,2016-03-11,3,2,1,Second Class,Europe,West,Synthetic Category 0,Consumer,Synthetic Product 2,2,183.78277885048396,183.78277885048396,-4.1179425084461965,-4.1179425084461965,-0.02240657440377664,Complete,PRIVATE_TEST_NAME,private@example.invalid,DO_NOT_EXPORT
136,282,2016-03-09,2016-03-12,3,4,0,Standard Class,USCA,East,Synthetic Category 0,Consumer,Synthetic Product 0,2,90.57568944311616,90.57568944311616,-10.218642194685222,-10.218642194685222,-0.11281881769282903,Complete,PRIVATE_TEST_NAME,private@example.invalid,DO_NOT_EXPORT
136,283,2016-03-09,2016-03-12,3,4,0,Standard Class,USCA,East,Synthetic Category 1,Consumer,Synthetic Product 1,2,158.26072508722768,158.26072508722768,5.182457578324848,5.182457578324848,0.032746327779482,Complete,PRIVATE_TEST_NAME,private@example.invalid,DO_NOT_EXPORT
137,284,2016-03-09,2016-03-11,2,2,0,Second Class,Europe,West,Synthetic Category 0,Consumer,Synthetic Product 0,2,183.77633996408002,183.77633996408002,18.80508888436451,18.80508888436451,0.10232595168692582,Complete,PRIVATE_TEST_NAME,private@example.invalid,DO_NOT_EXPORT
138,285,2016-03-10,2016-03-11,1,2,0,Second Class,USCA,East,Synthetic Category 0,Consumer,Synthetic Product 0,2,96.69162944999137,96.69162944999137,-14.448045599665962,-14.448045599665962,-0.14942395408837794,Complete,PRIVATE_TEST_NAME,private@example.invalid,DO_NOT_EXPORT
139,286,2016-03-10,2016-03-12,2,2,0,Second Class,Europe,West,Synthetic Category 0,Consumer,Synthetic Product 0,2,45.544622285200184,45.544622285200184,10.778535274826568,10.778535274826568,0.23665879162047798,Complete,PRIVATE_TEST_NAME,private@example.invalid,DO_NOT_EXPORT
140,287,2016-03-11,2016-03-14,3,2,1,Second Class,USCA,East,Synthetic Category 0,Consumer,Synthetic Product 0,2,22.94860514352664,22.94860514352664,-3.436789325881368,-3.436789325881368,-0.14976027102243383,Complete,PRIVATE_TEST_NAME,private@example.invalid,DO_NOT_EXPORT
140,288,2016-03-11,2016-03-14,3,2,1,Second Class,USCA,East,Synthetic Category 1,Consumer,Synthetic Product 1,2,195.63661476309915,195.63661476309915,-29.463931921885127,-29.463931921885127,-0.15060540664928024,Complete,PRIVATE_TEST_NAME,private@example.invalid,DO_NOT_EXPORT
141,289,2016-03-11,2016-03-15,4,2,1,Second Class,Europe,West,Synthetic Category 0,Consumer,Synthetic Product 0,2,179.3800522276144,179.3800522276144,42.04926984491346,42.04926984491346,0.2344144141041801,Complete,PRIVATE_TEST_NAME,private@example.invalid,DO_NOT_EXPORT
142,290,2016-03-12,2016-03-16,4,4,0,Standard Class,USCA,East,Synthetic Category 0,Consumer,Synthetic Product 0,2,139.63770488063824,139.63770488063824,5.679313695880154,5.679313695880154,0.04067177773177244,Complete,PRIVATE_TEST_NAME,private@example.invalid,DO_NOT_EXPORT
142,291,2016-03-12,2016-03-16,4,4,0,Standard Class,USCA,East,Synthetic Category 1,Consumer,Synthetic Product 1,2,30.64425778344318,30.64425778344318,3.0961356315339272,3.0961356315339272,0.10103477308583214,Complete,PRIVATE_TEST_NAME,private@example.invalid,DO_NOT_EXPORT
142,292,2016-03-12,2016-03-16,4,4,0,Standard Class,USCA,East,Synthetic Category 0,Consumer,Synthetic Product 2,2,88.22812007694536,88.22812007694536,4.144177969864671,4.144177969864671,0.046971169353381415,Complete,PRIVATE_TEST_NAME,private@example.invalid,DO_NOT_EXPORT
143,293,2016-03-12,2016-03-15,3,2,1,Second Class,Europe,West,Synthetic Category 0,Consumer,Synthetic Product 0,2,158.24550088851402,158.24550088851402,22.4982316663924,22.4982316663924,0.14217296251754225,Complete,PRIVATE_TEST_NAME,private@example.invalid,DO_NOT_EXPORT
144,294,2016-03-13,2016-03-17,4,4,0,Standard Class,USCA,East,Synthetic Category 0,Consumer,Synthetic Product 0,2,196.86947489049675,196.86947489049675,-1.9480756736327542,-1.9480756736327542,-0.009895265249812435,Complete,PRIVATE_TEST_NAME,private@example.invalid,DO_NOT_EXPORT
144,295,2016-03-13,2016-03-17,4,4,0,Standard Class,USCA,East,Synthetic Category 1,Consumer,Synthetic Product 1,2,111.48297662715483,111.48297662715483,-21.085262301106418,-21.085262301106418,-0.18913436776651787,Complete,PRIVATE_TEST_NAME,private@example.invalid,DO_NOT_EXPORT
144,296,2016-03-13,2016-03-17,4,4,0,Standard Class,USCA,East,Synthetic Category 0,Consumer,Synthetic Product 2,2,65.83060418694987,65.83060418694987,3.892570534446811,3.892570534446811,0.05913010494924892,Complete,PRIVATE_TEST_NAME,private@example.invalid,DO_NOT_EXPORT
145,297,2016-03-13,2016-03-15,2,2,0,Second Class,Europe,West,Synthetic Category 0,Consumer,Synthetic Product 0,2,113.02282604732048,113.02282604732048,24.105525912489863,24.105525912489863,0.21328015548290524,Complete,PRIVATE_TEST_NAME,private@example.invalid,DO_NOT_EXPORT
145,298,2016-03-13,2016-03-15,2,2,0,Second Class,Europe,West,Synthetic Category 1,Consumer,Synthetic Product 1,2,27.902975503388298,27.902975503388298,3.1399585146483306,3.1399585146483306,0.11253131460001609,Complete,PRIVATE_TEST_NAME,private@example.invalid,DO_NOT_EXPORT
145,299,2016-03-13,2016-03-15,2,2,0,Second Class,Europe,West,Synthetic Category 0,Consumer,Synthetic Product 2,2,124.05460952045468,124.05460952045468,-2.6233710970490414,-2.6233710970490414,-0.021146905440998454,Complete,PRIVATE_TEST_NAME,private@example.invalid,DO_NOT_EXPORT
146,300,2016-03-14,2016-03-18,4,2,1,Second Class,USCA,East,Synthetic Category 0,Consumer,Synthetic Product 0,2,198.48251200832533,198.48251200832533,26.137898083792482,26.137898083792482,0.13168867029804687,Complete,PRIVATE_TEST_NAME,private@example.invalid,DO_NOT_EXPORT
146,301,2016-03-14,2016-03-18,4,2,1,Second Class,USCA,East,Synthetic Category 1,Consumer,Synthetic Product 1,2,140.7344484992902,140.7344484992902,-11.627045141338074,-11.627045141338074,-0.08261690911729203,Complete,PRIVATE_TEST_NAME,private@example.invalid,DO_NOT_EXPORT
146,302,2016-03-14,2016-03-18,4,2,1,Second Class,USCA,East,Synthetic Category 0,Consumer,Synthetic Product 2,2,177.10762488109143,177.10762488109143,-25.467955549643968,-25.467955549643968,-0.1437993173176081,Complete,PRIVATE_TEST_NAME,private@example.invalid,DO_NOT_EXPORT
147,303,2016-03-14,2016-03-18,4,2,1,Second Class,Europe,West,Synthetic Category 0,Consumer,Synthetic Product 0,2,149.95948413138672,149.95948413138672,-6.387115414211996,-6.387115414211996,-0.04259227384788772,Complete,PRIVATE_TEST_NAME,private@example.invalid,DO_NOT_EXPORT
147,304,2016-03-14,2016-03-18,4,2,1,Second Class,Europe,West,Synthetic Category 1,Consumer,Synthetic Product 1,2,114.69885517163156,114.69885517163156,26.731356523324443,26.731356523324443,0.23305687300300015,Complete,PRIVATE_TEST_NAME,private@example.invalid,DO_NOT_EXPORT
147,305,2016-03-14,2016-03-18,4,2,1,Second Class,Europe,West,Synthetic Category 0,Consumer,Synthetic Product 2,2,33.328564974790794,33.328564974790794,-2.5358458113889224,-2.5358458113889224,-0.07608625853849382,Complete,PRIVATE_TEST_NAME,private@example.invalid,DO_NOT_EXPORT
148,306,2016-03-15,2016-03-18,3,4,0,Standard Class,USCA,East,Synthetic Category 0,Consumer,Synthetic Product 0,2,134.41875690100204,134.41875690100204,-19.629628402157795,-19.629628402157795,-0.14603340229232148,Complete,PRIVATE_TEST_NAME,private@example.invalid,DO_NOT_EXPORT
149,307,2016-03-15,2016-03-19,4,4,0,Standard Class,Europe,West,Synthetic Category 0,Consumer,Synthetic Product 0,2,131.31278850565909,131.31278850565909,8.470842180415554,8.470842180415554,0.06450888962768841,Complete,PRIVATE_TEST_NAME,private@example.invalid,DO_NOT_EXPORT
149,308,2016-03-15,2016-03-19,4,4,0,Standard Class,Europe,West,Synthetic Category 1,Consumer,Synthetic Product 1,2,37.98184817560239,37.98184817560239,-4.565007581808723,-4.565007581808723,-0.12018919039176856,Complete,PRIVATE_TEST_NAME,private@example.invalid,DO_NOT_EXPORT
149,309,2016-03-15,2016-03-19,4,4,0,Standard Class,Europe,West,Synthetic Category 0,Consumer,Synthetic Product 2,2,39.957424082333134,39.957424082333134,-4.132378251733185,-4.132378251733185,-0.10341953583440039,Complete,PRIVATE_TEST_NAME,private@example.invalid,DO_NOT_EXPORT
150,310,2016-03-16,2016-03-19,3,4,0,Standard Class,USCA,East,Synthetic Category 0,Consumer,Synthetic Product 0,2,97.61229187385837,97.61229187385837,-3.349120635495052,-3.349120635495052,-0.034310439507178325,Complete,PRIVATE_TEST_NAME,private@example.invalid,DO_NOT_EXPORT
151,311,2016-03-16,2016-03-17,1,2,0,Second Class,Europe,West,Synthetic Category 0,Consumer,Synthetic Product 0,2,168.53955820813562,168.53955820813562,-2.463119969214246,-2.463119969214246,-0.014614491668314746,Complete,PRIVATE_TEST_NAME,private@example.invalid,DO_NOT_EXPORT
151,312,2016-03-16,2016-03-17,1,2,0,Second Class,Europe,West,Synthetic Category 1,Consumer,Synthetic Product 1,2,181.8299539155907,181.8299539155907,51.62087009500554,51.62087009500554,0.2838964042138461,Complete,PRIVATE_TEST_NAME,private@example.invalid,DO_NOT_EXPORT
151,313,2016-03-16,2016-03-17,1,2,0,Second Class,Europe,West,Synthetic Category 0,Consumer,Synthetic Product 2,2,88.34951833084999,88.34951833084999,12.083504260468349,12.083504260468349,0.13676932810452025,Complete,PRIVATE_TEST_NAME,private@example.invalid,DO_NOT_EXPORT
152,314,2016-03-17,2016-03-23,6,4,1,Standard Class,USCA,East,Synthetic Category 0,Consumer,Synthetic Product 0,2,161.34991737874657,161.34991737874657,-13.332131173123662,-13.332131173123662,-0.0826286829873506,Complete,PRIVATE_TEST_NAME,private@example.invalid,DO_NOT_EXPORT
152,315,2016-03-17,2016-03-23,6,4,1,Standard Class,USCA,East,Synthetic Category 1,Consumer,Synthetic Product 1,2,120.02308345188804,120.02308345188804,1.6597797470707942,1.6597797470707942,0.013828837747999756,Complete,PRIVATE_TEST_NAME,private@example.invalid,DO_NOT_EXPORT
152,316,2016-03-17,2016-03-23,6,4,1,Standard Class,USCA,East,Synthetic Category 0,Consumer,Synthetic Product 2,2,71.3305924317367,71.3305924317367,8.225097929209396,8.225097929209396,0.11530954179415802,Complete,PRIVATE_TEST_NAME,private@example.invalid,DO_NOT_EXPORT
153,317,2016-03-17,2016-03-20,3,4,0,Standard Class,Europe,West,Synthetic Category 0,Consumer,Synthetic Product 0,2,38.2337934300039,38.2337934300039,11.355765410244858,11.355765410244858,0.2970085987160626,Complete,PRIVATE_TEST_NAME,private@example.invalid,DO_NOT_EXPORT
154,318,2016-03-18,2016-03-21,3,2,1,Second Class,USCA,East,Synthetic Category 0,Consumer,Synthetic Product 0,2,169.59610800116857,169.59610800116857,39.266708495310745,39.266708495310745,0.23153071705537126,Complete,PRIVATE_TEST_NAME,private@example.invalid,DO_NOT_EXPORT
155,319,2016-03-18,2016-03-21,3,2,1,Second Class,Europe,West,Synthetic Category 0,Consumer,Synthetic Product 0,2,156.9345798571878,156.9345798571878,15.176935381364219,15.176935381364219,0.09670867564800184,Complete,PRIVATE_TEST_NAME,private@example.invalid,DO_NOT_EXPORT
155,320,2016-03-18,2016-03-21,3,2,1,Second Class,Europe,West,Synthetic Category 1,Consumer,Synthetic Product 1,2,135.5112230538822,135.5112230538822,10.762579141928704,10.762579141928704,0.07942205006628322,Complete,PRIVATE_TEST_NAME,private@example.invalid,DO_NOT_EXPORT
155,321,2016-03-18,2016-03-21,3,2,1,Second Class,Europe,West,Synthetic Category 0,Consumer,Synthetic Product 2,2,80.10095656026662,80.10095656026662,23.755078959988477,23.755078959988477,0.29656423568569434,Complete,PRIVATE_TEST_NAME,private@example.invalid,DO_NOT_EXPORT
156,322,2016-03-19,2016-03-21,2,2,0,Second Class,USCA,East,Synthetic Category 0,Consumer,Synthetic Product 0,2,147.6868823291063,147.6868823291063,11.118574391781177,11.118574391781177,0.07528477963942987,Complete,PRIVATE_TEST_NAME,private@example.invalid,DO_NOT_EXPORT
156,323,2016-03-19,2016-03-21,2,2,0,Second Class,USCA,East,Synthetic Category 1,Consumer,Synthetic Product 1,2,30.685796765569776,30.685796765569776,2.8758798176585767,2.8758798176585767,0.09372022631934346,Complete,PRIVATE_TEST_NAME,private@example.invalid,DO_NOT_EXPORT
156,324,2016-03-19,2016-03-21,2,2,0,Second Class,USCA,East,Synthetic Category 0,Consumer,Synthetic Product 2,2,105.72065443077508,105.72065443077508,0.8474421989893647,0.8474421989893647,0.008015862213038627,Complete,PRIVATE_TEST_NAME,private@example.invalid,DO_NOT_EXPORT
157,325,2016-03-19,2016-03-21,2,2,0,Second Class,Europe,West,Synthetic Category 0,Consumer,Synthetic Product 0,2,175.3587965904246,175.3587965904246,40.88863368935417,40.88863368935417,0.2331712721823439,Complete,PRIVATE_TEST_NAME,private@example.invalid,DO_NOT_EXPORT
158,326,2016-03-20,2016-03-27,7,4,1,Standard Class,USCA,East,Synthetic Category 0,Consumer,Synthetic Product 0,2,154.59959408233146,154.59959408233146,-10.169316017935454,-10.169316017935454,-0.06577841344473273,Complete,PRIVATE_TEST_NAME,private@example.invalid,DO_NOT_EXPORT
158,327,2016-03-20,2016-03-27,7,4,1,Standard Class,USCA,East,Synthetic Category 1,Consumer,Synthetic Product 1,2,47.86487867411176,47.86487867411176,5.516077405714661,5.516077405714661,0.1152426906431937,Complete,PRIVATE_TEST_NAME,private@example.invalid,DO_NOT_EXPORT
159,328,2016-03-20,2016-03-27,7,4,1,Standard Class,Europe,West,Synthetic Category 0,Consumer,Synthetic Product 0,2,186.57018605803015,186.57018605803015,3.69649049474582,3.69649049474582,0.019812868137442263,Complete,PRIVATE_TEST_NAME,private@example.invalid,DO_NOT_EXPORT
160,329,2016-03-21,2016-03-27,6,4,1,Standard Class,USCA,East,Synthetic Category 0,Consumer,Synthetic Product 0,2,178.31603899881605,178.31603899881605,15.184681692277746,15.184681692277746,0.08515600603027396,Complete,PRIVATE_TEST_NAME,private@example.invalid,DO_NOT_EXPORT
160,330,2016-03-21,2016-03-27,6,4,1,Standard Class,USCA,East,Synthetic Category 1,Consumer,Synthetic Product 1,2,62.759463349435684,62.759463349435684,-11.451183412428628,-11.451183412428628,-0.18246146160731302,Complete,PRIVATE_TEST_NAME,private@example.invalid,DO_NOT_EXPORT
161,331,2016-03-21,2016-03-23,2,2,0,Second Class,Europe,West,Synthetic Category 0,Consumer,Synthetic Product 0,2,197.7245218238705,197.7245218238705,-23.937801352786476,-23.937801352786476,-0.12106642682443731,Complete,PRIVATE_TEST_NAME,private@example.invalid,DO_NOT_EXPORT
161,332,2016-03-21,2016-03-23,2,2,0,Second Class,Europe,West,Synthetic Category 1,Consumer,Synthetic Product 1,2,48.941621553017264,48.941621553017264,7.88600494547305,7.88600494547305,0.16113084722643145,Complete,PRIVATE_TEST_NAME,private@example.invalid,DO_NOT_EXPORT
161,333,2016-03-21,2016-03-23,2,2,0,Second Class,Europe,West,Synthetic Category 0,Consumer,Synthetic Product 2,2,190.23723909629356,190.23723909629356,-22.186440257247124,-22.186440257247124,-0.11662511694682909,Complete,PRIVATE_TEST_NAME,private@example.invalid,DO_NOT_EXPORT
162,334,2016-03-22,2016-03-27,5,2,1,Second Class,USCA,East,Synthetic Category 0,Consumer,Synthetic Product 0,2,82.53388706378243,82.53388706378243,3.8226486838211753,3.8226486838211753,0.04631611111284534,Complete,PRIVATE_TEST_NAME,private@example.invalid,DO_NOT_EXPORT
163,335,2016-03-22,2016-03-23,1,2,0,Second Class,Europe,West,Synthetic Category 0,Consumer,Synthetic Product 0,2,20.49944043002782,20.49944043002782,6.110309889704471,6.110309889704471,0.29807203326165027,Complete,PRIVATE_TEST_NAME,private@example.invalid,DO_NOT_EXPORT
164,336,2016-03-23,2016-03-25,2,2,0,Second Class,USCA,East,Synthetic Category 0,Consumer,Synthetic Product 0,2,182.16197077557547,182.16197077557547,33.621055585072185,33.621055585072185,0.18456681952839382,Complete,PRIVATE_TEST_NAME,private@example.invalid,DO_NOT_EXPORT
164,337,2016-03-23,2016-03-25,2,2,0,Second Class,USCA,East,Synthetic Category 1,Consumer,Synthetic Product 1,2,183.11699167302004,183.11699167302004,-0.010933880784690014,-0.010933880784690014,-5.970981002251242e-05,Complete,PRIVATE_TEST_NAME,private@example.invalid,DO_NOT_EXPORT
165,338,2016-03-23,2016-03-29,6,4,1,Standard Class,Europe,West,Synthetic Category 0,Consumer,Synthetic Product 0,2,112.633282441243,112.633282441243,23.00299384284241,23.00299384284241,0.20422909946571344,Complete,PRIVATE_TEST_NAME,private@example.invalid,DO_NOT_EXPORT
166,339,2016-03-24,2016-03-28,4,4,0,Standard Class,USCA,East,Synthetic Category 0,Consumer,Synthetic Product 0,2,152.22966619257772,152.22966619257772,-29.6308382246433,-29.6308382246433,-0.19464562306245148,Complete,PRIVATE_TEST_NAME,private@example.invalid,DO_NOT_EXPORT
166,340,2016-03-24,2016-03-28,4,4,0,Standard Class,USCA,East,Synthetic Category 1,Consumer,Synthetic Product 1,2,163.90911925810417,163.90911925810417,-23.935620330967865,-23.935620330967865,-0.1460298270121076,Complete,PRIVATE_TEST_NAME,private@example.invalid,DO_NOT_EXPORT
166,341,2016-03-24,2016-03-28,4,4,0,Standard Class,USCA,East,Synthetic Category 0,Consumer,Synthetic Product 2,2,189.97573491116387,189.97573491116387,45.129594000888275,45.129594000888275,0.23755451727554416,Complete,PRIVATE_TEST_NAME,private@example.invalid,DO_NOT_EXPORT
167,342,2016-03-24,2016-03-26,2,2,0,Second Class,Europe,West,Synthetic Category 0,Consumer,Synthetic Product 0,2,194.61260823223603,194.61260823223603,-7.034904701611858,-7.034904701611858,-0.03614824735927147,Complete,PRIVATE_TEST_NAME,private@example.invalid,DO_NOT_EXPORT
168,343,2016-03-25,2016-03-28,3,4,0,Standard Class,USCA,East,Synthetic Category 0,Consumer,Synthetic Product 0,2,78.82298195074792,78.82298195074792,4.320562776967174,4.320562776967174,0.05481349055871614,Complete,PRIVATE_TEST_NAME,private@example.invalid,DO_NOT_EXPORT
168,344,2016-03-25,2016-03-28,3,4,0,Standard Class,USCA,East,Synthetic Category 1,Consumer,Synthetic Product 1,2,188.9820290154013,188.9820290154013,5.8343237366085985,5.8343237366085985,0.030872373246310758,Complete,PRIVATE_TEST_NAME,private@example.invalid,DO_NOT_EXPORT
168,345,2016-03-25,2016-03-28,3,4,0,Standard Class,USCA,East,Synthetic Category 0,Consumer,Synthetic Product 2,2,23.448275753141907,23.448275753141907,1.2537907847460608,1.2537907847460608,0.05347048959785717,Complete,PRIVATE_TEST_NAME,private@example.invalid,DO_NOT_EXPORT
169,346,2016-03-25,2016-03-27,2,2,0,Second Class,Europe,West,Synthetic Category 0,Consumer,Synthetic Product 0,2,164.89399332729536,164.89399332729536,30.765773054393776,30.765773054393776,0.1865791011157532,Complete,PRIVATE_TEST_NAME,private@example.invalid,DO_NOT_EXPORT
170,347,2016-03-26,2016-04-01,6,4,1,Standard Class,USCA,East,Synthetic Category 0,Consumer,Synthetic Product 0,2,197.6063321236591,197.6063321236591,-11.277570978751703,-11.277570978751703,-0.05707089877916649,Complete,PRIVATE_TEST_NAME,private@example.invalid,DO_NOT_EXPORT
170,348,2016-03-26,2016-04-01,6,4,1,Standard Class,USCA,East,Synthetic Category 1,Consumer,Synthetic Product 1,2,35.30700853541829,35.30700853541829,5.176868184805406,5.176868184805406,0.14662437854547267,Complete,PRIVATE_TEST_NAME,private@example.invalid,DO_NOT_EXPORT
170,349,2016-03-26,2016-04-01,6,4,1,Standard Class,USCA,East,Synthetic Category 0,Consumer,Synthetic Product 2,2,134.46137025696177,134.46137025696177,-2.189248318102614,-2.189248318102614,-0.01628161541057377,Complete,PRIVATE_TEST_NAME,private@example.invalid,DO_NOT_EXPORT
171,350,2016-03-26,2016-03-29,3,4,0,Standard Class,Europe,West,Synthetic Category 0,Consumer,Synthetic Product 0,2,50.1648869161959,50.1648869161959,-6.244243608689107,-6.244243608689107,-0.12447438821342449,Complete,PRIVATE_TEST_NAME,private@example.invalid,DO_NOT_EXPORT
172,351,2016-03-27,2016-03-28,1,2,0,Second Class,USCA,East,Synthetic Category 0,Consumer,Synthetic Product 0,2,110.58272060347855,110.58272060347855,6.308313911129655,6.308313911129655,0.057046108801660445,Complete,PRIVATE_TEST_NAME,private@example.invalid,DO_NOT_EXPORT
172,352,2016-03-27,2016-03-28,1,2,0,Second Class,USCA,East,Synthetic Category 1,Consumer,Synthetic Product 1,2,45.84598413772496,45.84598413772496,12.26061436280179,12.26061436280179,0.26743049785930945,Complete,PRIVATE_TEST_NAME,private@example.invalid,DO_NOT_EXPORT
172,353,2016-03-27,2016-03-28,1,2,0,Second Class,USCA,East,Synthetic Category 0,Consumer,Synthetic Product 2,2,86.80042211477137,86.80042211477137,8.1385456698738,8.1385456698738,0.093761590918448,Complete,PRIVATE_TEST_NAME,private@example.invalid,DO_NOT_EXPORT
173,354,2016-03-27,2016-03-28,1,2,0,Second Class,Europe,West,Synthetic Category 0,Consumer,Synthetic Product 0,2,34.78039650252316,34.78039650252316,0.7447570670491487,0.7447570670491487,0.021413127564405998,Complete,PRIVATE_TEST_NAME,private@example.invalid,DO_NOT_EXPORT
174,355,2016-03-28,2016-04-01,4,4,0,Standard Class,USCA,East,Synthetic Category 0,Consumer,Synthetic Product 0,2,28.40291502298425,28.40291502298425,-0.031314449126514064,-0.031314449126514064,-0.0011025082848423742,Complete,PRIVATE_TEST_NAME,private@example.invalid,DO_NOT_EXPORT
174,356,2016-03-28,2016-04-01,4,4,0,Standard Class,USCA,East,Synthetic Category 1,Consumer,Synthetic Product 1,2,65.61674094094506,65.61674094094506,-6.809700526224821,-6.809700526224821,-0.10377992610686865,Complete,PRIVATE_TEST_NAME,private@example.invalid,DO_NOT_EXPORT
174,357,2016-03-28,2016-04-01,4,4,0,Standard Class,USCA,East,Synthetic Category 0,Consumer,Synthetic Product 2,2,91.84666622165145,91.84666622165145,23.966034489318584,23.966034489318584,0.26093526825983976,Complete,PRIVATE_TEST_NAME,private@example.invalid,DO_NOT_EXPORT
175,358,2016-03-28,2016-03-30,2,2,0,Second Class,Europe,West,Synthetic Category 0,Consumer,Synthetic Product 0,2,170.69258729954217,170.69258729954217,-24.1242882058047,-24.1242882058047,-0.1413317859168065,Complete,PRIVATE_TEST_NAME,private@example.invalid,DO_NOT_EXPORT
176,359,2016-03-29,2016-04-01,3,4,0,Standard Class,USCA,East,Synthetic Category 0,Consumer,Synthetic Product 0,2,27.24214528683914,27.24214528683914,-4.167440473956801,-4.167440473956801,-0.15297769063621133,Complete,PRIVATE_TEST_NAME,private@example.invalid,DO_NOT_EXPORT
176,360,2016-03-29,2016-04-01,3,4,0,Standard Class,USCA,East,Synthetic Category 1,Consumer,Synthetic Product 1,2,69.197808406299,69.197808406299,7.209914814899335,7.209914814899335,0.10419282027786048,Complete,PRIVATE_TEST_NAME,private@example.invalid,DO_NOT_EXPORT
177,361,2016-03-29,2016-03-31,2,2,0,Second Class,Europe,West,Synthetic Category 0,Consumer,Synthetic Product 0,2,29.177546066513237,29.177546066513237,1.2596127067164824,1.2596127067164824,0.04317061838734021,Complete,PRIVATE_TEST_NAME,private@example.invalid,DO_NOT_EXPORT
177,362,2016-03-29,2016-03-31,2,2,0,Second Class,Europe,West,Synthetic Category 1,Consumer,Synthetic Product 1,2,26.741671653686485,26.741671653686485,-2.860031621819624,-2.860031621819624,-0.10695036790736129,Complete,PRIVATE_TEST_NAME,private@example.invalid,DO_NOT_EXPORT
177,363,2016-03-29,2016-03-31,2,2,0,Second Class,Europe,West,Synthetic Category 0,Consumer,Synthetic Product 2,2,30.52537538644925,30.52537538644925,2.6380671276475063,2.6380671276475063,0.08642210273419243,Complete,PRIVATE_TEST_NAME,private@example.invalid,DO_NOT_EXPORT
178,364,2016-03-30,2016-03-31,1,2,0,Second Class,USCA,East,Synthetic Category 0,Consumer,Synthetic Product 0,2,87.22376466163897,87.22376466163897,-7.814218506234006,-7.814218506234006,-0.08958818203441637,Complete,PRIVATE_TEST_NAME,private@example.invalid,DO_NOT_EXPORT
179,365,2016-03-30,2016-04-06,7,4,1,Standard Class,Europe,West,Synthetic Category 0,Consumer,Synthetic Product 0,2,95.51916186356391,95.51916186356391,19.78779993447104,19.78779993447104,0.20716052725352857,Complete,PRIVATE_TEST_NAME,private@example.invalid,DO_NOT_EXPORT
179,366,2016-03-30,2016-04-06,7,4,1,Standard Class,Europe,West,Synthetic Category 1,Consumer,Synthetic Product 1,2,167.34628475894732,167.34628475894732,26.103735054315717,26.103735054315717,0.15598634347883278,Complete,PRIVATE_TEST_NAME,private@example.invalid,DO_NOT_EXPORT
180,367,2016-03-31,2016-04-06,6,4,1,Standard Class,USCA,East,Synthetic Category 0,Consumer,Synthetic Product 0,2,113.56207308584005,113.56207308584005,23.205196868169768,23.205196868169768,0.20433932066940402,Complete,PRIVATE_TEST_NAME,private@example.invalid,DO_NOT_EXPORT
180,368,2016-03-31,2016-04-06,6,4,1,Standard Class,USCA,East,Synthetic Category 1,Consumer,Synthetic Product 1,2,46.585495877973045,46.585495877973045,3.6890750121306124,3.6890750121306124,0.07918934729800553,Complete,PRIVATE_TEST_NAME,private@example.invalid,DO_NOT_EXPORT
181,369,2016-03-31,2016-04-05,5,2,1,Second Class,Europe,West,Synthetic Category 0,Consumer,Synthetic Product 0,2,98.87606230619257,98.87606230619257,18.430402699530386,18.430402699530386,0.18639903602204938,Complete,PRIVATE_TEST_NAME,private@example.invalid,DO_NOT_EXPORT
182,370,2016-04-01,2016-04-04,3,4,0,Standard Class,USCA,East,Synthetic Category 0,Consumer,Synthetic Product 0,2,183.6280903506926,183.6280903506926,10.362847669611995,10.362847669611995,0.05643389118637049,Complete,PRIVATE_TEST_NAME,private@example.invalid,DO_NOT_EXPORT
183,371,2016-04-01,2016-04-07,6,4,1,Standard Class,Europe,West,Synthetic Category 0,Consumer,Synthetic Product 0,2,130.35608449395767,130.35608449395767,-0.7101188275732554,-0.7101188275732554,-0.00544753112468771,Complete,PRIVATE_TEST_NAME,private@example.invalid,DO_NOT_EXPORT
183,372,2016-04-01,2016-04-07,6,4,1,Standard Class,Europe,West,Synthetic Category 1,Consumer,Synthetic Product 1,2,49.794023610777096,49.794023610777096,2.9870703086993817,2.9870703086993817,0.0599885305925123,Complete,PRIVATE_TEST_NAME,private@example.invalid,DO_NOT_EXPORT
183,373,2016-04-01,2016-04-07,6,4,1,Standard Class,Europe,West,Synthetic Category 0,Consumer,Synthetic Product 2,2,197.55738978170845,197.55738978170845,-36.5372980060089,-36.5372980060089,-0.18494523564206272,Complete,PRIVATE_TEST_NAME,private@example.invalid,DO_NOT_EXPORT
184,374,2016-04-02,2016-04-08,6,4,1,Standard Class,USCA,East,Synthetic Category 0,Consumer,Synthetic Product 0,2,37.49038756430528,37.49038756430528,5.396431972571669,5.396431972571669,0.14394174942351434,Complete,PRIVATE_TEST_NAME,private@example.invalid,DO_NOT_EXPORT
184,375,2016-04-02,2016-04-08,6,4,1,Standard Class,USCA,East,Synthetic Category 1,Consumer,Synthetic Product 1,2,79.0592820350333,79.0592820350333,22.998119094647837,22.998119094647837,0.29089714076149525,Complete,PRIVATE_TEST_NAME,private@example.invalid,DO_NOT_EXPORT
185,376,2016-04-02,2016-04-04,2,2,0,Second Class,Europe,West,Synthetic Category 0,Consumer,Synthetic Product 0,2,197.50537101046407,197.50537101046407,-19.910954588128345,-19.910954588128345,-0.10081221835265147,Complete,PRIVATE_TEST_NAME,private@example.invalid,DO_NOT_EXPORT
186,377,2016-04-03,2016-04-07,4,2,1,Second Class,USCA,East,Synthetic Category 0,Consumer,Synthetic Product 0,2,138.04048466834425,138.04048466834425,-22.302588407993234,-22.302588407993234,-0.16156556144798667,Complete,PRIVATE_TEST_NAME,private@example.invalid,DO_NOT_EXPORT
187,378,2016-04-03,2016-04-05,2,2,0,Second Class,Europe,West,Synthetic Category 0,Consumer,Synthetic Product 0,2,107.76505561981578,107.76505561981578,-16.594559672815077,-16.594559672815077,-0.15398831817392647,Complete,PRIVATE_TEST_NAME,private@example.invalid,DO_NOT_EXPORT
187,379,2016-04-03,2016-04-05,2,2,0,Second Class,Europe,West,Synthetic Category 1,Consumer,Synthetic Product 1,2,179.5244976517592,179.5244976517592,-28.830346736816736,-28.830346736816736,-0.16059282779747258,Complete,PRIVATE_TEST_NAME,private@example.invalid,DO_NOT_EXPORT
188,380,2016-04-04,2016-04-05,1,2,0,Second Class,USCA,East,Synthetic Category 0,Consumer,Synthetic Product 0,2,163.79169622772818,163.79169622772818,36.279375122765515,36.279375122765515,0.22149703530955805,Complete,PRIVATE_TEST_NAME,private@example.invalid,DO_NOT_EXPORT
188,381,2016-04-04,2016-04-05,1,2,0,Second Class,USCA,East,Synthetic Category 1,Consumer,Synthetic Product 1,2,149.40421541953592,149.40421541953592,43.00162131205791,43.00162131205791,0.2878206695260023,Complete,PRIVATE_TEST_NAME,private@example.invalid,DO_NOT_EXPORT
188,382,2016-04-04,2016-04-05,1,2,0,Second Class,USCA,East,Synthetic Category 0,Consumer,Synthetic Product 2,2,164.16598018256744,164.16598018256744,1.7633549019849106,1.7633549019849106,0.010741293050021083,Complete,PRIVATE_TEST_NAME,private@example.invalid,DO_NOT_EXPORT
189,383,2016-04-04,2016-04-08,4,2,1,Second Class,Europe,West,Synthetic Category 0,Consumer,Synthetic Product 0,2,175.5173549069349,175.5173549069349,20.339892204569935,20.339892204569935,0.11588536196523025,Complete,PRIVATE_TEST_NAME,private@example.invalid,DO_NOT_EXPORT
190,384,2016-04-05,2016-04-09,4,4,0,Standard Class,USCA,East,Synthetic Category 0,Consumer,Synthetic Product 0,2,120.15842269580496,120.15842269580496,-11.147423011621665,-11.147423011621665,-0.09277271423446248,Complete,PRIVATE_TEST_NAME,private@example.invalid,DO_NOT_EXPORT
190,385,2016-04-05,2016-04-09,4,4,0,Standard Class,USCA,East,Synthetic Category 1,Consumer,Synthetic Product 1,2,51.58377388281656,51.58377388281656,7.711736834337968,7.711736834337968,0.1494992757190819,Complete,PRIVATE_TEST_NAME,private@example.invalid,DO_NOT_EXPORT
190,386,2016-04-05,2016-04-09,4,4,0,Standard Class,USCA,East,Synthetic Category 0,Consumer,Synthetic Product 2,2,83.20817912102379,83.20817912102379,-12.827724849400017,-12.827724849400017,-0.15416422982580208,Complete,PRIVATE_TEST_NAME,private@example.invalid,DO_NOT_EXPORT
191,387,2016-04-05,2016-04-06,1,2,0,Second Class,Europe,West,Synthetic Category 0,Consumer,Synthetic Product 0,2,159.1713947558232,159.1713947558232,-28.27338083487865,-28.27338083487865,-0.17762852978860566,Complete,PRIVATE_TEST_NAME,private@example.invalid,DO_NOT_EXPORT
191,388,2016-04-05,2016-04-06,1,2,0,Second Class,Europe,West,Synthetic Category 1,Consumer,Synthetic Product 1,2,158.871182025863,158.871182025863,-31.450386448623274,-31.450386448623274,-0.197961556322426,Complete,PRIVATE_TEST_NAME,private@example.invalid,DO_NOT_EXPORT
192,389,2016-04-06,2016-04-09,3,2,1,Second Class,USCA,East,Synthetic Category 0,Consumer,Synthetic Product 0,2,176.99381188358825,176.99381188358825,37.660794344850586,37.660794344850586,0.2127802884409355,Complete,PRIVATE_TEST_NAME,private@example.invalid,DO_NOT_EXPORT
193,390,2016-04-06,2016-04-11,5,4,1,Standard Class,Europe,West,Synthetic Category 0,Consumer,Synthetic Product 0,2,28.540090338285403,28.540090338285403,-0.19585517260063975,-0.19585517260063975,-0.006862458046879683,Complete,PRIVATE_TEST_NAME,private@example.invalid,DO_NOT_EXPORT
194,391,2016-04-07,2016-04-11,4,2,1,Second Class,USCA,East,Synthetic Category 0,Consumer,Synthetic Product 0,2,117.8670781458557,117.8670781458557,24.528768471245662,24.528768471245662,0.20810534083904508,Complete,PRIVATE_TEST_NAME,private@example.invalid,DO_NOT_EXPORT
194,392,2016-04-07,2016-04-11,4,2,1,Second Class,USCA,East,Synthetic Category 1,Consumer,Synthetic Product 1,2,141.92170013020709,141.92170013020709,35.39541227451054,35.39541227451054,0.24940098830578245,Complete,PRIVATE_TEST_NAME,private@example.invalid,DO_NOT_EXPORT
194,393,2016-04-07,2016-04-11,4,2,1,Second Class,USCA,East,Synthetic Category 0,Consumer,Synthetic Product 2,2,156.9217951601312,156.9217951601312,-17.595401276110866,-17.595401276110866,-0.11212847302795381,Complete,PRIVATE_TEST_NAME,private@example.invalid,DO_NOT_EXPORT
195,394,2016-04-07,2016-04-11,4,4,0,Standard Class,Europe,West,Synthetic Category 0,Consumer,Synthetic Product 0,2,67.881658285539,67.881658285539,-9.025307789587503,-9.025307789587503,-0.13295650132209846,Complete,PRIVATE_TEST_NAME,private@example.invalid,DO_NOT_EXPORT
195,395,2016-04-07,2016-04-11,4,4,0,Standard Class,Europe,West,Synthetic Category 1,Consumer,Synthetic Product 1,2,162.87765937552032,162.87765937552032,-8.264562844852055,-8.264562844852055,-0.05074092344240905,Complete,PRIVATE_TEST_NAME,private@example.invalid,DO_NOT_EXPORT
195,396,2016-04-07,2016-04-11,4,4,0,Standard Class,Europe,West,Synthetic Category 0,Consumer,Synthetic Product 2,2,111.06863945719374,111.06863945719374,30.289924135155324,30.289924135155324,0.2727135605800697,Complete,PRIVATE_TEST_NAME,private@example.invalid,DO_NOT_EXPORT
196,397,2016-04-08,2016-04-09,1,2,0,Second Class,USCA,East,Synthetic Category 0,Consumer,Synthetic Product 0,2,128.9629425220219,128.9629425220219,7.148864156782393,7.148864156782393,0.05543347582629515,Complete,PRIVATE_TEST_NAME,private@example.invalid,DO_NOT_EXPORT
197,398,2016-04-08,2016-04-13,5,2,1,Second Class,Europe,West,Synthetic Category 0,Consumer,Synthetic Product 0,2,197.22632805745087,197.22632805745087,-16.15544374458925,-16.15544374458925,-0.08191322073330526,Complete,PRIVATE_TEST_NAME,private@example.invalid,DO_NOT_EXPORT
197,399,2016-04-08,2016-04-13,5,2,1,Second Class,Europe,West,Synthetic Category 1,Consumer,Synthetic Product 1,2,187.86359550588443,187.86359550588443,42.196472151389486,42.196472151389486,0.22461228870746153,Complete,PRIVATE_TEST_NAME,private@example.invalid,DO_NOT_EXPORT
197,400,2016-04-08,2016-04-13,5,2,1,Second Class,Europe,West,Synthetic Category 0,Consumer,Synthetic Product 2,2,111.40648742925825,111.40648742925825,11.023191359043457,11.023191359043457,0.09894568631869888,Complete,PRIVATE_TEST_NAME,private@example.invalid,DO_NOT_EXPORT
198,401,2016-04-09,2016-04-14,5,4,1,Standard Class,USCA,East,Synthetic Category 0,Consumer,Synthetic Product 0,2,177.3080486654008,177.3080486654008,-14.544969197426802,-14.544969197426802,-0.0820321993666216,Complete,PRIVATE_TEST_NAME,private@example.invalid,DO_NOT_EXPORT
199,402,2016-04-09,2016-04-12,3,2,1,Second Class,Europe,West,Synthetic Category 0,Consumer,Synthetic Product 0,2,164.79780906615,164.79780906615,32.6103112539216,32.6103112539216,0.19788073299464673,Complete,PRIVATE_TEST_NAME,private@example.invalid,DO_NOT_EXPORT
200,403,2016-04-10,2016-04-15,5,4,1,Standard Class,USCA,East,Synthetic Category 0,Consumer,Synthetic Product 0,2,75.73285192590659,75.73285192590659,16.7340843846909,16.7340843846909,0.22096202584662636,Complete,PRIVATE_TEST_NAME,private@example.invalid,DO_NOT_EXPORT
200,404,2016-04-10,2016-04-15,5,4,1,Standard Class,USCA,East,Synthetic Category 1,Consumer,Synthetic Product 1,2,72.78380046777889,72.78380046777889,15.876302963961717,15.876302963961717,0.2181296231019167,Complete,PRIVATE_TEST_NAME,private@example.invalid,DO_NOT_EXPORT
201,405,2016-04-10,2016-04-14,4,4,0,Standard Class,Europe,West,Synthetic Category 0,Consumer,Synthetic Product 0,2,88.53119168434351,88.53119168434351,13.056115471252616,13.056115471252616,0.14747475124704046,Complete,PRIVATE_TEST_NAME,private@example.invalid,DO_NOT_EXPORT
201,406,2016-04-10,2016-04-14,4,4,0,Standard Class,Europe,West,Synthetic Category 1,Consumer,Synthetic Product 1,2,137.4392454349056,137.4392454349056,-11.410167608382134,-11.410167608382134,-0.08301971952971943,Complete,PRIVATE_TEST_NAME,private@example.invalid,DO_NOT_EXPORT
202,407,2016-04-11,2016-04-12,1,2,0,Second Class,USCA,East,Synthetic Category 0,Consumer,Synthetic Product 0,2,152.67366842981298,152.67366842981298,-24.82144013188559,-24.82144013188559,-0.16257839604670588,Complete,PRIVATE_TEST_NAME,private@example.invalid,DO_NOT_EXPORT
203,408,2016-04-11,2016-04-16,5,2,1,Second Class,Europe,West,Synthetic Category 0,Consumer,Synthetic Product 0,2,23.2347371652841,23.2347371652841,4.26935154226599,4.26935154226599,0.18374864806497532,Complete,PRIVATE_TEST_NAME,private@example.invalid,DO_NOT_EXPORT
203,409,2016-04-11,2016-04-16,5,2,1,Second Class,Europe,West,Synthetic Category 1,Consumer,Synthetic Product 1,2,20.655376796012725,20.655376796012725,-0.955418991496455,-0.955418991496455,-0.046255219690830685,Complete,PRIVATE_TEST_NAME,private@example.invalid,DO_NOT_EXPORT
204,410,2016-04-12,2016-04-15,3,4,0,Standard Class,USCA,East,Synthetic Category 0,Consumer,Synthetic Product 0,2,161.97237538674045,161.97237538674045,-20.849639004316696,-20.849639004316696,-0.12872342555040106,Complete,PRIVATE_TEST_NAME,private@example.invalid,DO_NOT_EXPORT
205,411,2016-04-12,2016-04-16,4,4,0,Standard Class,Europe,West,Synthetic Category 0,Consumer,Synthetic Product 0,2,25.507994272645462,25.507994272645462,-1.561917335776186,-1.561917335776186,-0.06123246379473951,Complete,PRIVATE_TEST_NAME,private@example.invalid,DO_NOT_EXPORT
205,412,2016-04-12,2016-04-16,4,4,0,Standard Class,Europe,West,Synthetic Category 1,Consumer,Synthetic Product 1,2,199.90775166034155,199.90775166034155,45.58099929034829,45.58099929034829,0.2280101642471267,Complete,PRIVATE_TEST_NAME,private@example.invalid,DO_NOT_EXPORT
206,413,2016-04-13,2016-04-18,5,4,1,Standard Class,USCA,East,Synthetic Category 0,Consumer,Synthetic Product 0,2,97.58345706157294,97.58345706157294,16.622091947446336,16.622091947446336,0.17033719083100504,Complete,PRIVATE_TEST_NAME,private@example.invalid,DO_NOT_EXPORT
206,414,2016-04-13,2016-04-18,5,4,1,Standard Class,USCA,East,Synthetic Category 1,Consumer,Synthetic Product 1,2,94.61999611453977,94.61999611453977,-15.472327928660205,-15.472327928660205,-0.16352069926034007,Complete,PRIVATE_TEST_NAME,private@example.invalid,DO_NOT_EXPORT
207,415,2016-04-13,2016-04-16,3,2,1,Second Class,Europe,West,Synthetic Category 0,Consumer,Synthetic Product 0,2,124.0409323790731,124.0409323790731,7.356296273900275,7.356296273900275,0.05930539325050537,Complete,PRIVATE_TEST_NAME,private@example.invalid,DO_NOT_EXPORT
207,416,2016-04-13,2016-04-16,3,2,1,Second Class,Europe,West,Synthetic Category 1,Consumer,Synthetic Product 1,2,196.84712968347537,196.84712968347537,-38.968276932776355,-38.968276932776355,-0.19796212926973455,Complete,PRIVATE_TEST_NAME,private@example.invalid,DO_NOT_EXPORT
207,417,2016-04-13,2016-04-16,3,2,1,Second Class,Europe,West,Synthetic Category 0,Consumer,Synthetic Product 2,2,90.75522882617919,90.75522882617919,-11.25621695714765,-11.25621695714765,-0.12402830231089329,Complete,PRIVATE_TEST_NAME,private@example.invalid,DO_NOT_EXPORT
208,418,2016-04-14,2016-04-21,7,4,1,Standard Class,USCA,East,Synthetic Category 0,Consumer,Synthetic Product 0,2,83.66304643407723,83.66304643407723,-14.80499902493589,-14.80499902493589,-0.17695983658211123,Complete,PRIVATE_TEST_NAME,private@example.invalid,DO_NOT_EXPORT
208,419,2016-04-14,2016-04-21,7,4,1,Standard Class,USCA,East,Synthetic Category 1,Consumer,Synthetic Product 1,2,45.6219693044133,45.6219693044133,8.373069000095555,8.373069000095555,0.18353151185180372,Complete,PRIVATE_TEST_NAME,private@example.invalid,DO_NOT_EXPORT
209,420,2016-04-14,2016-04-16,2,2,0,Second Class,Europe,West,Synthetic Category 0,Consumer,Synthetic Product 0,2,199.20500621959064,199.20500621959064,48.146580194364354,48.146580194364354,0.24169362561747418,Complete,PRIVATE_TEST_NAME,private@example.invalid,DO_NOT_EXPORT
209,421,2016-04-14,2016-04-16,2,2,0,Second Class,Europe,West,Synthetic Category 1,Consumer,Synthetic Product 1,2,136.72411873354446,136.72411873354446,10.823842236114405,10.823842236114405,0.07916556593214186,Complete,PRIVATE_TEST_NAME,private@example.invalid,DO_NOT_EXPORT
210,422,2016-04-15,2016-04-22,7,4,1,Standard Class,USCA,East,Synthetic Category 0,Consumer,Synthetic Product 0,2,21.457649984487325,21.457649984487325,-3.037102612712534,-3.037102612712534,-0.14153938641501695,Complete,PRIVATE_TEST_NAME,private@example.invalid,DO_NOT_EXPORT
210,423,2016-04-15,2016-04-22,7,4,1,Standard Class,USCA,East,Synthetic Category 1,Consumer,Synthetic Product 1,2,27.56272321276957,27.56272321276957,5.673599253002016,5.673599253002016,0.20584320385198684,Complete,PRIVATE_TEST_NAME,private@example.invalid,DO_NOT_EXPORT
210,424,2016-04-15,2016-04-22,7,4,1,Standard Class,USCA,East,Synthetic Category 0,Consumer,Synthetic Product 2,2,46.965355743285144,46.965355743285144,12.18391043564124,12.18391043564124,0.2594233609607701,Complete,PRIVATE_TEST_NAME,private@example.invalid,DO_NOT_EXPORT
211,425,2016-04-15,2016-04-18,3,2,1,Second Class,Europe,West,Synthetic Category 0,Consumer,Synthetic Product 0,2,150.3022627334613,150.3022627334613,-23.48522974879488,-23.48522974879488,-0.15625333459179147,Complete,PRIVATE_TEST_NAME,private@example.invalid,DO_NOT_EXPORT
211,426,2016-04-15,2016-04-18,3,2,1,Second Class,Europe,West,Synthetic Category 1,Consumer,Synthetic Product 1,2,107.75262943732554,107.75262943732554,-12.280230603730903,-12.280230603730903,-0.1139668764266557,Complete,PRIVATE_TEST_NAME,private@example.invalid,DO_NOT_EXPORT
211,427,2016-04-15,2016-04-18,3,2,1,Second Class,Europe,West,Synthetic Category 0,Consumer,Synthetic Product 2,2,34.479195203438884,34.479195203438884,3.4058280024202596,3.4058280024202596,0.09877921982588994,Complete,PRIVATE_TEST_NAME,private@example.invalid,DO_NOT_EXPORT
212,428,2016-04-16,2016-04-20,4,4,0,Standard Class,USCA,East,Synthetic Category 0,Consumer,Synthetic Product 0,2,101.3132372073603,101.3132372073603,2.592704612558659,2.592704612558659,0.02559097590823306,Complete,PRIVATE_TEST_NAME,private@example.invalid,DO_NOT_EXPORT
212,429,2016-04-16,2016-04-20,4,4,0,Standard Class,USCA,East,Synthetic Category 1,Consumer,Synthetic Product 1,2,39.61471086355588,39.61471086355588,-7.81777655673959,-7.81777655673959,-0.1973452888162227,Complete,PRIVATE_TEST_NAME,private@example.invalid,DO_NOT_EXPORT
213,430,2016-04-16,2016-04-23,7,4,1,Standard Class,Europe,West,Synthetic Category 0,Consumer,Synthetic Product 0,2,31.99792637597313,31.99792637597313,-0.46657614810331943,-0.46657614810331943,-0.014581449517105771,Complete,PRIVATE_TEST_NAME,private@example.invalid,DO_NOT_EXPORT
214,431,2016-04-17,2016-04-20,3,2,1,Second Class,USCA,East,Synthetic Category 0,Consumer,Synthetic Product 0,2,119.86214431583497,119.86214431583497,-6.776131609356918,-6.776131609356918,-0.05653270803750943,Complete,PRIVATE_TEST_NAME,private@example.invalid,DO_NOT_EXPORT
214,432,2016-04-17,2016-04-20,3,2,1,Second Class,USCA,East,Synthetic Category 1,Consumer,Synthetic Product 1,2,68.98347066239101,68.98347066239101,7.939265436739429,7.939265436739429,0.11508938823322823,Complete,PRIVATE_TEST_NAME,private@example.invalid,DO_NOT_EXPORT
214,433,2016-04-17,2016-04-20,3,2,1,Second Class,USCA,East,Synthetic Category 0,Consumer,Synthetic Product 2,2,89.05787815076148,89.05787815076148,9.134815896413292,9.134815896413292,0.10257167682514773,Complete,PRIVATE_TEST_NAME,private@example.invalid,DO_NOT_EXPORT
215,434,2016-04-17,2016-04-21,4,4,0,Standard Class,Europe,West,Synthetic Category 0,Consumer,Synthetic Product 0,2,169.87415598793638,169.87415598793638,13.138915950769885,13.138915950769885,0.07734499620826929,Complete,PRIVATE_TEST_NAME,private@example.invalid,DO_NOT_EXPORT
216,435,2016-04-18,2016-04-20,2,2,0,Second Class,USCA,East,Synthetic Category 0,Consumer,Synthetic Product 0,2,57.52819085202152,57.52819085202152,5.905670635948453,5.905670635948453,0.10265698518382887,Complete,PRIVATE_TEST_NAME,private@example.invalid,DO_NOT_EXPORT
216,436,2016-04-18,2016-04-20,2,2,0,Second Class,USCA,East,Synthetic Category 1,Consumer,Synthetic Product 1,2,92.71620366813225,92.71620366813225,-3.62227026658882,-3.62227026658882,-0.039068362630057085,Complete,PRIVATE_TEST_NAME,private@example.invalid,DO_NOT_EXPORT
217,437,2016-04-18,2016-04-23,5,4,1,Standard Class,Europe,West,Synthetic Category 0,Consumer,Synthetic Product 0,2,58.358705648852265,58.358705648852265,10.71933965014605,10.71933965014605,0.18368021584722838,Complete,PRIVATE_TEST_NAME,private@example.invalid,DO_NOT_EXPORT
217,438,2016-04-18,2016-04-23,5,4,1,Standard Class,Europe,West,Synthetic Category 1,Consumer,Synthetic Product 1,2,159.9034947344301,159.9034947344301,16.75744711045163,16.75744711045163,0.10479725373283821,Complete,PRIVATE_TEST_NAME,private@example.invalid,DO_NOT_EXPORT
218,439,2016-04-19,2016-04-26,7,4,1,Standard Class,USCA,East,Synthetic Category 0,Consumer,Synthetic Product 0,2,72.57580057240668,72.57580057240668,-0.07945270303889196,-0.07945270303889196,-0.0010947547586419581,Complete,PRIVATE_TEST_NAME,private@example.invalid,DO_NOT_EXPORT
218,440,2016-04-19,2016-04-26,7,4,1,Standard Class,USCA,East,Synthetic Category 1,Consumer,Synthetic Product 1,2,174.54231663136602,174.54231663136602,38.15991717992066,38.15991717992066,0.21862845593206226,Complete,PRIVATE_TEST_NAME,private@example.invalid,DO_NOT_EXPORT
219,441,2016-04-19,2016-04-26,7,4,1,Standard Class,Europe,West,Synthetic Category 0,Consumer,Synthetic Product 0,2,171.4879090260217,171.4879090260217,6.398295551853556,6.398295551853556,0.03731047622070355,Complete,PRIVATE_TEST_NAME,private@example.invalid,DO_NOT_EXPORT
220,442,2016-04-20,2016-04-26,6,4,1,Standard Class,USCA,East,Synthetic Category 0,Consumer,Synthetic Product 0,2,192.42851884171566,192.42851884171566,34.85056919380766,34.85056919380766,0.1811091692831373,Complete,PRIVATE_TEST_NAME,private@example.invalid,DO_NOT_EXPORT
220,443,2016-04-20,2016-04-26,6,4,1,Standard Class,USCA,East,Synthetic Category 1,Consumer,Synthetic Product 1,2,22.556230955633357,22.556230955633357,-2.7471899907386974,-2.7471899907386974,-0.12179295362519749,Complete,PRIVATE_TEST_NAME,private@example.invalid,DO_NOT_EXPORT
221,444,2016-04-20,2016-04-26,6,4,1,Standard Class,Europe,West,Synthetic Category 0,Consumer,Synthetic Product 0,2,39.71345216653192,39.71345216653192,3.2391041368999107,3.2391041368999107,0.08156188797985259,Complete,PRIVATE_TEST_NAME,private@example.invalid,DO_NOT_EXPORT
221,445,2016-04-20,2016-04-26,6,4,1,Standard Class,Europe,West,Synthetic Category 1,Consumer,Synthetic Product 1,2,121.61689655631542,121.61689655631542,0.4225017532423455,0.4225017532423455,0.0034740382726893837,Complete,PRIVATE_TEST_NAME,private@example.invalid,DO_NOT_EXPORT
221,446,2016-04-20,2016-04-26,6,4,1,Standard Class,Europe,West,Synthetic Category 0,Consumer,Synthetic Product 2,2,118.97014582217311,118.97014582217311,-20.739294686611622,-20.739294686611622,-0.17432352077311086,Complete,PRIVATE_TEST_NAME,private@example.invalid,DO_NOT_EXPORT
222,447,2016-04-21,2016-04-25,4,4,0,Standard Class,USCA,East,Synthetic Category 0,Consumer,Synthetic Product 0,2,51.02060029957159,51.02060029957159,5.485041439547883,5.485041439547883,0.10750640735981187,Complete,PRIVATE_TEST_NAME,private@example.invalid,DO_NOT_EXPORT
222,448,2016-04-21,2016-04-25,4,4,0,Standard Class,USCA,East,Synthetic Category 1,Consumer,Synthetic Product 1,2,119.25994245795613,119.25994245795613,-23.655781738855048,-23.655781738855048,-0.1983547975230212,Complete,PRIVATE_TEST_NAME,private@example.invalid,DO_NOT_EXPORT
223,449,2016-04-21,2016-04-28,7,4,1,Standard Class,Europe,West,Synthetic Category 0,Consumer,Synthetic Product 0,2,59.9958292466856,59.9958292466856,2.881207884582804,2.881207884582804,0.04802346964379983,Complete,PRIVATE_TEST_NAME,private@example.invalid,DO_NOT_EXPORT
224,450,2016-04-22,2016-04-26,4,2,1,Second Class,USCA,East,Synthetic Category 0,Consumer,Synthetic Product 0,2,190.6849558958295,190.6849558958295,52.20557913444011,52.20557913444011,0.27377922337491495,Complete,PRIVATE_TEST_NAME,private@example.invalid,DO_NOT_EXPORT
224,451,2016-04-22,2016-04-26,4,2,1,Second Class,USCA,East,Synthetic Category 1,Consumer,Synthetic Product 1,2,149.8219475547945,149.8219475547945,26.336837517983216,26.336837517983216,0.17578757950901036,Complete,PRIVATE_TEST_NAME,private@example.invalid,DO_NOT_EXPORT
225,452,2016-04-22,2016-04-24,2,2,0,Second Class,Europe,West,Synthetic Category 0,Consumer,Synthetic Product 0,2,84.30747012266595,84.30747012266595,-0.8216573313134315,-0.8216573313134315,-0.009745961183723506,Complete,PRIVATE_TEST_NAME,private@example.invalid,DO_NOT_EXPORT
225,453,2016-04-22,2016-04-24,2,2,0,Second Class,Europe,West,Synthetic Category 1,Consumer,Synthetic Product 1,2,127.41930353723953,127.41930353723953,7.563026353963283,7.563026353963283,0.05935542059961829,Complete,PRIVATE_TEST_NAME,private@example.invalid,DO_NOT_EXPORT
226,454,2016-04-23,2016-04-27,4,2,1,Second Class,USCA,East,Synthetic Category 0,Consumer,Synthetic Product 0,2,158.0468988450321,158.0468988450321,45.89026118772134,45.89026118772134,0.29035850448870615,Complete,PRIVATE_TEST_NAME,private@example.invalid,DO_NOT_EXPORT
226,455,2016-04-23,2016-04-27,4,2,1,Second Class,USCA,East,Synthetic Category 1,Consumer,Synthetic Product 1,2,117.38298390598392,117.38298390598392,-2.804333653830742,-2.804333653830742,-0.02389046146651741,Complete,PRIVATE_TEST_NAME,private@example.invalid,DO_NOT_EXPORT
227,456,2016-04-23,2016-04-29,6,4,1,Standard Class,Europe,West,Synthetic Category 0,Consumer,Synthetic Product 0,2,127.7216519166644,127.7216519166644,-7.5016902776548395,-7.5016902776548395,-0.05873467939914784,Complete,PRIVATE_TEST_NAME,private@example.invalid,DO_NOT_EXPORT
228,457,2016-04-24,2016-04-26,2,2,0,Second Class,USCA,East,Synthetic Category 0,Consumer,Synthetic Product 0,2,115.87859400184243,115.87859400184243,-16.31117569017291,-16.31117569017291,-0.1407609043816459,Complete,PRIVATE_TEST_NAME,private@example.invalid,DO_NOT_EXPORT
229,458,2016-04-24,2016-04-29,5,4,1,Standard Class,Europe,West,Synthetic Category 0,Consumer,Synthetic Product 0,2,152.70318191798256,152.70318191798256,17.957568729729136,17.957568729729136,0.11759786865066252,Complete,PRIVATE_TEST_NAME,private@example.invalid,DO_NOT_EXPORT
229,459,2016-04-24,2016-04-29,5,4,1,Standard Class,Europe,West,Synthetic Category 1,Consumer,Synthetic Product 1,2,33.09883984824211,33.09883984824211,-5.168042557121218,-5.168042557121218,-0.15613968890802965,Complete,PRIVATE_TEST_NAME,private@example.invalid,DO_NOT_EXPORT
230,460,2016-04-25,2016-04-30,5,4,1,Standard Class,USCA,East,Synthetic Category 0,Consumer,Synthetic Product 0,2,161.6113051773787,161.6113051773787,-20.67780355999241,-20.67780355999241,-0.12794775425702554,Complete,PRIVATE_TEST_NAME,private@example.invalid,DO_NOT_EXPORT
230,461,2016-04-25,2016-04-30,5,4,1,Standard Class,USCA,East,Synthetic Category 1,Consumer,Synthetic Product 1,2,106.38817091614604,106.38817091614604,29.950537465897153,29.950537465897153,0.28152131207804887,Complete,PRIVATE_TEST_NAME,private@example.invalid,DO_NOT_EXPORT
230,462,2016-04-25,2016-04-30,5,4,1,Standard Class,USCA,East,Synthetic Category 0,Consumer,Synthetic Product 2,2,164.42554670103794,164.42554670103794,3.730743717861047,3.730743717861047,0.022689562496297278,Complete,PRIVATE_TEST_NAME,private@example.invalid,DO_NOT_EXPORT
231,463,2016-04-25,2016-04-27,2,2,0,Second Class,Europe,West,Synthetic Category 0,Consumer,Synthetic Product 0,2,25.734602393663845,25.734602393663845,3.1337806066461624,3.1337806066461624,0.12177303378185222,Complete,PRIVATE_TEST_NAME,private@example.invalid,DO_NOT_EXPORT
231,464,2016-04-25,2016-04-27,2,2,0,Second Class,Europe,West,Synthetic Category 1,Consumer,Synthetic Product 1,2,97.72257409085249,97.72257409085249,-14.140219250443455,-14.140219250443455,-0.14469757251070076,Complete,PRIVATE_TEST_NAME,private@example.invalid,DO_NOT_EXPORT
232,465,2016-04-26,2016-05-01,5,2,1,Second Class,USCA,East,Synthetic Category 0,Consumer,Synthetic Product 0,2,130.43391983956832,130.43391983956832,12.68704934197941,12.68704934197941,0.09726802167399617,Complete,PRIVATE_TEST_NAME,private@example.invalid,DO_NOT_EXPORT
233,466,2016-04-26,2016-04-30,4,2,1,Second Class,Europe,West,Synthetic Category 0,Consumer,Synthetic Product 0,2,31.371017820183003,31.371017820183003,6.879923893576107,6.879923893576107,0.2193082778828364,Complete,PRIVATE_TEST_NAME,private@example.invalid,DO_NOT_EXPORT
233,467,2016-04-26,2016-04-30,4,2,1,Second Class,Europe,West,Synthetic Category 1,Consumer,Synthetic Product 1,2,40.78422966739581,40.78422966739581,-5.703158771135183,-5.703158771135183,-0.13983735423338073,Complete,PRIVATE_TEST_NAME,private@example.invalid,DO_NOT_EXPORT
233,468,2016-04-26,2016-04-30,4,2,1,Second Class,Europe,West,Synthetic Category 0,Consumer,Synthetic Product 2,2,189.1216238644428,189.1216238644428,-26.180765773773686,-26.180765773773686,-0.13843348655116955,Complete,PRIVATE_TEST_NAME,private@example.invalid,DO_NOT_EXPORT
234,469,2016-04-27,2016-04-30,3,2,1,Second Class,USCA,East,Synthetic Category 0,Consumer,Synthetic Product 0,2,179.40290378168217,179.40290378168217,-12.510322652225033,-12.510322652225033,-0.06973311127365595,Complete,PRIVATE_TEST_NAME,private@example.invalid,DO_NOT_EXPORT
234,470,2016-04-27,2016-04-30,3,2,1,Second Class,USCA,East,Synthetic Category 1,Consumer,Synthetic Product 1,2,100.63159677652305,100.63159677652305,29.093554367915264,29.093554367915264,0.28910953716181786,Complete,PRIVATE_TEST_NAME,private@example.invalid,DO_NOT_EXPORT
235,471,2016-04-27,2016-05-01,4,4,0,Standard Class,Europe,West,Synthetic Category 0,Consumer,Synthetic Product 0,2,134.4578707711803,134.4578707711803,21.605365808672794,21.605365808672794,0.16068502115016153,Complete,PRIVATE_TEST_NAME,private@example.invalid,DO_NOT_EXPORT
235,472,2016-04-27,2016-05-01,4,4,0,Standard Class,Europe,West,Synthetic Category 1,Consumer,Synthetic Product 1,2,87.4434323525769,87.4434323525769,13.826013015535585,13.826013015535585,0.15811379589708136,Complete,PRIVATE_TEST_NAME,private@example.invalid,DO_NOT_EXPORT
236,473,2016-04-28,2016-05-05,7,4,1,Standard Class,USCA,East,Synthetic Category 0,Consumer,Synthetic Product 0,2,176.79867573454996,176.79867573454996,-10.33588594192326,-10.33588594192326,-0.0584613312231016,Complete,PRIVATE_TEST_NAME,private@example.invalid,DO_NOT_EXPORT
236,474,2016-04-28,2016-05-05,7,4,1,Standard Class,USCA,East,Synthetic Category 1,Consumer,Synthetic Product 1,2,34.86033516201699,34.86033516201699,-1.2916375819673458,-1.2916375819673458,-0.037051783236286384,Complete,PRIVATE_TEST_NAME,private@example.invalid,DO_NOT_EXPORT
237,475,2016-04-28,2016-05-02,4,2,1,Second Class,Europe,West,Synthetic Category 0,Consumer,Synthetic Product 0,2,116.07674617032858,116.07674617032858,-14.49242175279803,-14.49242175279803,-0.12485206754100563,Complete,PRIVATE_TEST_NAME,private@example.invalid,DO_NOT_EXPORT
237,476,2016-04-28,2016-05-02,4,2,1,Second Class,Europe,West,Synthetic Category 1,Consumer,Synthetic Product 1,2,47.974400925245455,47.974400925245455,-5.948855151035088,-5.948855151035088,-0.12400061358357967,Complete,PRIVATE_TEST_NAME,private@example.invalid,DO_NOT_EXPORT
237,477,2016-04-28,2016-05-02,4,2,1,Second Class,Europe,West,Synthetic Category 0,Consumer,Synthetic Product 2,2,100.98218471191879,100.98218471191879,6.841420917055006,6.841420917055006,0.06774879090378327,Complete,PRIVATE_TEST_NAME,private@example.invalid,DO_NOT_EXPORT
238,478,2016-04-29,2016-05-05,6,4,1,Standard Class,USCA,East,Synthetic Category 0,Consumer,Synthetic Product 0,2,76.18668469721936,76.18668469721936,-11.366436937840557,-11.366436937840557,-0.14919190909819713,Complete,PRIVATE_TEST_NAME,private@example.invalid,DO_NOT_EXPORT
238,479,2016-04-29,2016-05-05,6,4,1,Standard Class,USCA,East,Synthetic Category 1,Consumer,Synthetic Product 1,2,102.50612833090459,102.50612833090459,6.761809099074606,6.761809099074606,0.0659649253091143,Complete,PRIVATE_TEST_NAME,private@example.invalid,DO_NOT_EXPORT
238,480,2016-04-29,2016-05-05,6,4,1,Standard Class,USCA,East,Synthetic Category 0,Consumer,Synthetic Product 2,2,127.12211076185056,127.12211076185056,30.26314252432783,30.26314252432783,0.23806356221556557,Complete,PRIVATE_TEST_NAME,private@example.invalid,DO_NOT_EXPORT
239,481,2016-04-29,2016-05-01,2,2,0,Second Class,Europe,West,Synthetic Category 0,Consumer,Synthetic Product 0,2,180.5946381081331,180.5946381081331,0.09674994209914389,0.09674994209914389,0.0005357298705691016,Complete,PRIVATE_TEST_NAME,private@example.invalid,DO_NOT_EXPORT
239,482,2016-04-29,2016-05-01,2,2,0,Second Class,Europe,West,Synthetic Category 1,Consumer,Synthetic Product 1,2,24.043384063204307,24.043384063204307,-1.3561770754030085,-1.3561770754030085,-0.056405415803280574,Complete,PRIVATE_TEST_NAME,private@example.invalid,DO_NOT_EXPORT
239,483,2016-04-29,2016-05-01,2,2,0,Second Class,Europe,West,Synthetic Category 0,Consumer,Synthetic Product 2,2,101.96880547173369,101.96880547173369,27.378385859607302,27.378385859607302,0.2684976619363923,Complete,PRIVATE_TEST_NAME,private@example.invalid,DO_NOT_EXPORT
240,484,2016-04-30,2016-05-01,1,2,0,Second Class,USCA,East,Synthetic Category 0,Consumer,Synthetic Product 0,2,177.23062906127265,177.23062906127265,-27.421355106107615,-27.421355106107615,-0.1547213100317295,Complete,PRIVATE_TEST_NAME,private@example.invalid,DO_NOT_EXPORT
