store_id,item_id,wm_yr_wk,sell_price
CA_1,SYNTH_001,1000,2.7
CA_1,SYNTH_001,1001,2.7
CA_1,SYNTH_001,1002,2.7
CA_1,SYNTH_001,1003,2.7
CA_1,SYNTH_001,1004,2.7
CA_1,SYNTH_001,1005,2.7
CA_1,SYNTH_001,1006,2.7
CA_1,SYNTH_001,1007,2.7
CA_1,SYNTH_001,1008,2.7
CA_1,SYNTH_001,1009,2.7
CA_1,SYNTH_001,1010,2.7
CA_1,SYNTH_001,1011,2.7
CA_1,SYNTH_001,1012,2.7
CA_1,SYNTH_001,1013,2.7
CA_1,SYNTH_001,1014,2.7
CA_1,SYNTH_001,1015,2.7
CA_1,SYNTH_001,1016,2.7
CA_1,SYNTH_001,1017,2.7
CA_1,SYNTH_001,1018,2.7
CA_1,SYNTH_001,1019,2.7
CA_1,SYNTH_001,1020,2.7
CA_1,SYNTH_001,1021,2.7
CA_1,SYNTH_001,1022,2.7
CA_1,SYNTH_001,1023,2.7
CA_1,SYNTH_001,1024,2.7
CA_1,SYNTH_001,1025,2.7
CA_1,SYNTH_001,1026,2.7
CA_1,SYNTH_001,1027,2.7
CA_1,SYNTH_001,1028,2.7
CA_1,SYNTH_001,1029,2.7
CA_1,SYNTH_001,1030,2.7
CA_1,SYNTH_001,1031,2.7
CA_1,SYNTH_001,1032,2.7
CA_1,SYNTH_001,1033,2.7
CA_1,SYNTH_001,1034,2.7
CA_1,SYNTH_001,1035,2.7
CA_1,SYNTH_001,1036,2.7
CA_1,SYNTH_001,1037,2.7
CA_1,SYNTH_001,1038,2.7
CA_1,SYNTH_001,1039,2.7
CA_1,SYNTH_001,1040,2.7
CA_1,SYNTH_001,1041,2.7
CA_1,SYNTH_001,1042,2.7
CA_1,SYNTH_001,1043,2.7
CA_1,SYNTH_001,1044,2.7
CA_1,SYNTH_001,1045,2.7
CA_1,SYNTH_001,1046,2.7
CA_1,SYNTH_001,1047,2.7
CA_1,SYNTH_001,1048,2.7
CA_1,SYNTH_001,1049,2.7
CA_1,SYNTH_001,1050,2.7
CA_1,SYNTH_001,1051,2.7
CA_1,SYNTH_001,1052,2.7
CA_1,SYNTH_001,1053,2.7
CA_1,SYNTH_001,1054,2.7
CA_1,SYNTH_001,1055,2.7
CA_1,SYNTH_001,1056,2.7
CA_1,SYNTH_001,1057,2.7
CA_1,SYNTH_001,1058,2.7
CA_1,SYNTH_001,1059,2.7
CA_1,SYNTH_001,1060,2.7
CA_1,SYNTH_001,1061,2.7
CA_1,SYNTH_001,1062,2.7
CA_1,SYNTH_001,1063,2.7
CA_1,SYNTH_001,1064,2.7
CA_1,SYNTH_001,1065,2.7
CA_1,SYNTH_001,1066,2.7
CA_1,SYNTH_001,1067,2.7
CA_1,SYNTH_001,1068,2.7
CA_1,SYNTH_001,1069,2.7
CA_1,SYNTH_001,1070,2.7
CA_1,SYNTH_001,1071,2.7
CA_1,SYNTH_001,1072,2.7
CA_1,SYNTH_001,1073,2.7
CA_1,SYNTH_001,1074,2.7
CA_1,SYNTH_001,1075,2.7
CA_1,SYNTH_001,1076,2.7
CA_1,SYNTH_001,1077,2.7
CA_1,SYNTH_001,1078,2.7
CA_1,SYNTH_001,1079,2.7
CA_1,SYNTH_001,1080,2.7
CA_1,SYNTH_001,1081,2.7
CA_1,SYNTH_001,1082,2.7
CA_1,SYNTH_001,1083,2.7
CA_1,SYNTH_001,1084,2.7
CA_1,SYNTH_001,1085,2.7
CA_1,SYNTH_001,1086,2.7
CA_1,SYNTH_001,1087,2.7
CA_1,SYNTH_001,1088,2.7
CA_1,SYNTH_001,1089,2.7
CA_1,SYNTH_001,1090,2.7
CA_1,SYNTH_001,1091,2.7
CA_1,SYNTH_001,1092,2.7
CA_1,SYNTH_001,1093,2.7
CA_1,SYNTH_001,1094,2.7
CA_1,SYNTH_001,1095,2.7
CA_1,SYNTH_001,1096,2.7
CA_1,SYNTH_001,1097,2.7
CA_1,SYNTH_001,1098,2.7
CA_1,SYNTH_001,1099,2.7
CA_1,SYNTH_001,1100,2.7
CA_1,SYNTH_001,1101,2.7
CA_1,SYNTH_001,1102,2.7
CA_1,SYNTH_002,1000,3.4
CA_1,SYNTH_002,1001,3.4
CA_1,SYNTH_002,1002,3.4
CA_1,SYNTH_002,1003,3.4
CA_1,SYNTH_002,1004,3.4
CA_1,SYNTH_002,1005,3.4
CA_1,SYNTH_002,1006,3.4
CA_1,SYNTH_002,1007,3.4
CA_1,SYNTH_002,1008,3.4
CA_1,SYNTH_002,1009,3.4
CA_1,SYNTH_002,1010,3.4
CA_1,SYNTH_002,1011,3.4
CA_1,SYNTH_002,1012,3.4
CA_1,SYNTH_002,1013,3.4
CA_1,SYNTH_002,1014,3.4
CA_1,SYNTH_002,1015,3.4
CA_1,SYNTH_002,1016,3.4
CA_1,SYNTH_002,1017,3.4
CA_1,SYNTH_002,1018,3.4
CA_1,SYNTH_002,1019,3.4
CA_1,SYNTH_002,1020,3.4
CA_1,SYNTH_002,1021,3.4
CA_1,SYNTH_002,1022,3.4
CA_1,SYNTH_002,1023,3.4
CA_1,SYNTH_002,1024,3.4
CA_1,SYNTH_002,1025,3.4
CA_1,SYNTH_002,1026,3.4
CA_1,SYNTH_002,1027,3.4
CA_1,SYNTH_002,1028,3.4
CA_1,SYNTH_002,1029,3.4
CA_1,SYNTH_002,1030,3.4
CA_1,SYNTH_002,1031,3.4
CA_1,SYNTH_002,1032,3.4
CA_1,SYNTH_002,1033,3.4
CA_1,SYNTH_002,1034,3.4
CA_1,SYNTH_002,1035,3.4
CA_1,SYNTH_002,1036,3.4
CA_1,SYNTH_002,1037,3.4
CA_1,SYNTH_002,1038,3.4
CA_1,SYNTH_002,1039,3.4
CA_1,SYNTH_002,1040,3.4
CA_1,SYNTH_002,1041,3.4
CA_1,SYNTH_002,1042,3.4
CA_1,SYNTH_002,1043,3.4
CA_1,SYNTH_002,1044,3.4
CA_1,SYNTH_002,1045,3.4
CA_1,SYNTH_002,1046,3.4
CA_1,SYNTH_002,1047,3.4
CA_1,SYNTH_002,1048,3.4
CA_1,SYNTH_002,1049,3.4
CA_1,SYNTH_002,1050,3.4
CA_1,SYNTH_002,1051,3.4
CA_1,SYNTH_002,1052,3.4
CA_1,SYNTH_002,1053,3.4
CA_1,SYNTH_002,1054,3.4
CA_1,SYNTH_002,1055,3.4
CA_1,SYNTH_002,1056,3.4
CA_1,SYNTH_002,1057,3.4
CA_1,SYNTH_002,1058,3.4
CA_1,SYNTH_002,1059,3.4
CA_1,SYNTH_002,1060,3.4
CA_1,SYNTH_002,1061,3.4
CA_1,SYNTH_002,1062,3.4
CA_1,SYNTH_002,1063,3.4
CA_1,SYNTH_002,1064,3.4
CA_1,SYNTH_002,1065,3.4
CA_1,SYNTH_002,1066,3.4
CA_1,SYNTH_002,1067,3.4
CA_1,SYNTH_002,1068,3.4
CA_1,SYNTH_002,1069,3.4
CA_1,SYNTH_002,1070,3.4
CA_1,SYNTH_002,1071,3.4
CA_1,SYNTH_002,1072,3.4
CA_1,SYNTH_002,1073,3.4
CA_1,SYNTH_002,1074,3.4
CA_1,SYNTH_002,1075,3.4
CA_1,SYNTH_002,1076,3.4
CA_1,SYNTH_002,1077,3.4
CA_1,SYNTH_002,1078,3.4
CA_1,SYNTH_002,1079,3.4
CA_1,SYNTH_002,1080,3.4
CA_1,SYNTH_002,1081,3.4
CA_1,SYNTH_002,1082,3.4
CA_1,SYNTH_002,1083,3.4
CA_1,SYNTH_002,1084,3.4
CA_1,SYNTH_002,1085,3.4
CA_1,SYNTH_002,1086,3.4
CA_1,SYNTH_002,1087,3.4
CA_1,SYNTH_002,1088,3.4
CA_1,SYNTH_002,1089,3.4
CA_1,SYNTH_002,1090,3.4
CA_1,SYNTH_002,1091,3.4
CA_1,SYNTH_002,1092,3.4
CA_1,SYNTH_002,1093,3.4
CA_1,SYNTH_002,1094,3.4
CA_1,SYNTH_002,1095,3.4
CA_1,SYNTH_002,1096,3.4
CA_1,SYNTH_002,1097,3.4
CA_1,SYNTH_002,1098,3.4
CA_1,SYNTH_002,1099,3.4
CA_1,SYNTH_002,1100,3.4
CA_1,SYNTH_002,1101,3.4
CA_1,SYNTH_002,1102,3.4
CA_1,SYNTH_003,1000,4.1
CA_1,SYNTH_003,1001,4.1
CA_1,SYNTH_003,1002,4.1
CA_1,SYNTH_003,1003,4.1
CA_1,SYNTH_003,1004,4.1
CA_1,SYNTH_003,1005,4.1
CA_1,SYNTH_003,1006,4.1
CA_1,SYNTH_003,1007,4.1
CA_1,SYNTH_003,1008,4.1
CA_1,SYNTH_003,1009,4.1
CA_1,SYNTH_003,1010,4.1
CA_1,SYNTH_003,1011,4.1
CA_1,SYNTH_003,1012,4.1
CA_1,SYNTH_003,1013,4.1
CA_1,SYNTH_003,1014,4.1
CA_1,SYNTH_003,1015,4.1
CA_1,SYNTH_003,1016,4.1
CA_1,SYNTH_003,1017,4.1
CA_1,SYNTH_003,1018,4.1
CA_1,SYNTH_003,1019,4.1
CA_1,SYNTH_003,1020,4.1
CA_1,SYNTH_003,1021,4.1
CA_1,SYNTH_003,1022,4.1
CA_1,SYNTH_003,1023,4.1
CA_1,SYNTH_003,1024,4.1
CA_1,SYNTH_003,1025,4.1
CA_1,SYNTH_003,1026,4.1
CA_1,SYNTH_003,1027,4.1
CA_1,SYNTH_003,1028,4.1
CA_1,SYNTH_003,1029,4.1
CA_1,SYNTH_003,1030,4.1
CA_1,SYNTH_003,1031,4.1
CA_1,SYNTH_003,1032,4.1
CA_1,SYNTH_003,1033,4.1
CA_1,SYNTH_003,1034,4.1
CA_1,SYNTH_003,1035,4.1
CA_1,SYNTH_003,1036,4.1
CA_1,SYNTH_003,1037,4.1
CA_1,SYNTH_003,1038,4.1
CA_1,SYNTH_003,1039,4.1
CA_1,SYNTH_003,1040,4.1
CA_1,SYNTH_003,1041,4.1
CA_1,SYNTH_003,1042,4.1
CA_1,SYNTH_003,1043,4.1
CA_1,SYNTH_003,1044,4.1
CA_1,SYNTH_003,1045,4.1
CA_1,SYNTH_003,1046,4.1
CA_1,SYNTH_003,1047,4.1
CA_1,SYNTH_003,1048,4.1
CA_1,SYNTH_003,1049,4.1
CA_1,SYNTH_003,1050,4.1
CA_1,SYNTH_003,1051,4.1
CA_1,SYNTH_003,1052,4.1
CA_1,SYNTH_003,1053,4.1
CA_1,SYNTH_003,1054,4.1
CA_1,SYNTH_003,1055,4.1
CA_1,SYNTH_003,1056,4.1
CA_1,SYNTH_003,1057,4.1
CA_1,SYNTH_003,1058,4.1
CA_1,SYNTH_003,1059,4.1
CA_1,SYNTH_003,1060,4.1
CA_1,SYNTH_003,1061,4.1
CA_1,SYNTH_003,1062,4.1
CA_1,SYNTH_003,1063,4.1
CA_1,SYNTH_003,1064,4.1
CA_1,SYNTH_003,1065,4.1
CA_1,SYNTH_003,1066,4.1
CA_1,SYNTH_003,1067,4.1
CA_1,SYNTH_003,1068,4.1
CA_1,SYNTH_003,1069,4.1
CA_1,SYNTH_003,1070,4.1
CA_1,SYNTH_003,1071,4.1
CA_1,SYNTH_003,1072,4.1
CA_1,SYNTH_003,1073,4.1
CA_1,SYNTH_003,1074,4.1
CA_1,SYNTH_003,1075,4.1
CA_1,SYNTH_003,1076,4.1
CA_1,SYNTH_003,1077,4.1
CA_1,SYNTH_003,1078,4.1
CA_1,SYNTH_003,1079,4.1
CA_1,SYNTH_003,1080,4.1
CA_1,SYNTH_003,1081,4.1
CA_1,SYNTH_003,1082,4.1
CA_1,SYNTH_003,1083,4.1
CA_1,SYNTH_003,1084,4.1
CA_1,SYNTH_003,1085,4.1
CA_1,SYNTH_003,1086,4.1
CA_1,SYNTH_003,1087,4.1
CA_1,SYNTH_003,1088,4.1
CA_1,SYNTH_003,1089,4.1
CA_1,SYNTH_003,1090,4.1
CA_1,SYNTH_003,1091,4.1
CA_1,SYNTH_003,1092,4.1
CA_1,SYNTH_003,1093,4.1
CA_1,SYNTH_003,1094,4.1
CA_1,SYNTH_003,1095,4.1
CA_1,SYNTH_003,1096,4.1
CA_1,SYNTH_003,1097,4.1
CA_1,SYNTH_003,1098,4.1
CA_1,SYNTH_003,1099,4.1
CA_1,SYNTH_003,1100,4.1
CA_1,SYNTH_003,1101,4.1
CA_1,SYNTH_003,1102,4.1
CA_1,SYNTH_004,1000,4.8
CA_1,SYNTH_004,1001,4.8
CA_1,SYNTH_004,1002,4.8
CA_1,SYNTH_004,1003,4.8
CA_1,SYNTH_004,1004,4.8
CA_1,SYNTH_004,1005,4.8
CA_1,SYNTH_004,1006,4.8
CA_1,SYNTH_004,1007,4.8
CA_1,SYNTH_004,1008,4.8
CA_1,SYNTH_004,1009,4.8
CA_1,SYNTH_004,1010,4.8
CA_1,SYNTH_004,1011,4.8
CA_1,SYNTH_004,1012,4.8
CA_1,SYNTH_004,1013,4.8
CA_1,SYNTH_004,1014,4.8
CA_1,SYNTH_004,1015,4.8
CA_1,SYNTH_004,1016,4.8
CA_1,SYNTH_004,1017,4.8
CA_1,SYNTH_004,1018,4.8
CA_1,SYNTH_004,1019,4.8
CA_1,SYNTH_004,1020,4.8
CA_1,SYNTH_004,1021,4.8
CA_1,SYNTH_004,1022,4.8
CA_1,SYNTH_004,1023,4.8
CA_1,SYNTH_004,1024,4.8
CA_1,SYNTH_004,1025,4.8
CA_1,SYNTH_004,1026,4.8
CA_1,SYNTH_004,1027,4.8
CA_1,SYNTH_004,1028,4.8
CA_1,SYNTH_004,1029,4.8
CA_1,SYNTH_004,1030,4.8
CA_1,SYNTH_004,1031,4.8
CA_1,SYNTH_004,1032,4.8
CA_1,SYNTH_004,1033,4.8
CA_1,SYNTH_004,1034,4.8
CA_1,SYNTH_004,1035,4.8
CA_1,SYNTH_004,1036,4.8
CA_1,SYNTH_004,1037,4.8
CA_1,SYNTH_004,1038,4.8
CA_1,SYNTH_004,1039,4.8
CA_1,SYNTH_004,1040,4.8
CA_1,SYNTH_004,1041,4.8
CA_1,SYNTH_004,1042,4.8
CA_1,SYNTH_004,1043,4.8
CA_1,SYNTH_004,1044,4.8
CA_1,SYNTH_004,1045,4.8
CA_1,SYNTH_004,1046,4.8
CA_1,SYNTH_004,1047,4.8
CA_1,SYNTH_004,1048,4.8
CA_1,SYNTH_004,1049,4.8
CA_1,SYNTH_004,1050,4.8
CA_1,SYNTH_004,1051,4.8
CA_1,SYNTH_004,1052,4.8
CA_1,SYNTH_004,1053,4.8
CA_1,SYNTH_004,1054,4.8
CA_1,SYNTH_004,1055,4.8
CA_1,SYNTH_004,1056,4.8
CA_1,SYNTH_004,1057,4.8
CA_1,SYNTH_004,1058,4.8
CA_1,SYNTH_004,1059,4.8
CA_1,SYNTH_004,1060,4.8
CA_1,SYNTH_004,1061,4.8
CA_1,SYNTH_004,1062,4.8
CA_1,SYNTH_004,1063,4.8
CA_1,SYNTH_004,1064,4.8
CA_1,SYNTH_004,1065,4.8
CA_1,SYNTH_004,1066,4.8
CA_1,SYNTH_004,1067,4.8
CA_1,SYNTH_004,1068,4.8
CA_1,SYNTH_004,1069,4.8
CA_1,SYNTH_004,1070,4.8
CA_1,SYNTH_004,1071,4.8
CA_1,SYNTH_004,1072,4.8
CA_1,SYNTH_004,1073,4.8
CA_1,SYNTH_004,1074,4.8
CA_1,SYNTH_004,1075,4.8
CA_1,SYNTH_004,1076,4.8
CA_1,SYNTH_004,1077,4.8
CA_1,SYNTH_004,1078,4.8
CA_1,SYNTH_004,1079,4.8
CA_1,SYNTH_004,1080,4.8
CA_1,SYNTH_004,1081,4.8
CA_1,SYNTH_004,1082,4.8
CA_1,SYNTH_004,1083,4.8
CA_1,SYNTH_004,1084,4.8
CA_1,SYNTH_004,1085,4.8
CA_1,SYNTH_004,1086,4.8
CA_1,SYNTH_004,1087,4.8
CA_1,SYNTH_004,1088,4.8
CA_1,SYNTH_004,1089,4.8
CA_1,SYNTH_004,1090,4.8
CA_1,SYNTH_004,1091,4.8
CA_1,SYNTH_004,1092,4.8
CA_1,SYNTH_004,1093,4.8
CA_1,SYNTH_004,1094,4.8
CA_1,SYNTH_004,1095,4.8
CA_1,SYNTH_004,1096,4.8
CA_1,SYNTH_004,1097,4.8
CA_1,SYNTH_004,1098,4.8
CA_1,SYNTH_004,1099,4.8
CA_1,SYNTH_004,1100,4.8
CA_1,SYNTH_004,1101,4.8
CA_1,SYNTH_004,1102,4.8
CA_1,SYNTH_005,1000,5.5
CA_1,SYNTH_005,1001,5.5
CA_1,SYNTH_005,1002,5.5
CA_1,SYNTH_005,1003,5.5
CA_1,SYNTH_005,1004,5.5
CA_1,SYNTH_005,1005,5.5
CA_1,SYNTH_005,1006,5.5
CA_1,SYNTH_005,1007,5.5
CA_1,SYNTH_005,1008,5.5
CA_1,SYNTH_005,1009,5.5
CA_1,SYNTH_005,1010,5.5
CA_1,SYNTH_005,1011,5.5
CA_1,SYNTH_005,1012,5.5
CA_1,SYNTH_005,1013,5.5
CA_1,SYNTH_005,1014,5.5
CA_1,SYNTH_005,1015,5.5
CA_1,SYNTH_005,1016,5.5
CA_1,SYNTH_005,1017,5.5
CA_1,SYNTH_005,1018,5.5
CA_1,SYNTH_005,1019,5.5
CA_1,SYNTH_005,1020,5.5
CA_1,SYNTH_005,1021,5.5
CA_1,SYNTH_005,1022,5.5
CA_1,SYNTH_005,1023,5.5
CA_1,SYNTH_005,1024,5.5
CA_1,SYNTH_005,1025,5.5
CA_1,SYNTH_005,1026,5.5
CA_1,SYNTH_005,1027,5.5
CA_1,SYNTH_005,1028,5.5
CA_1,SYNTH_005,1029,5.5
CA_1,SYNTH_005,1030,5.5
CA_1,SYNTH_005,1031,5.5
CA_1,SYNTH_005,1032,5.5
CA_1,SYNTH_005,1033,5.5
CA_1,SYNTH_005,1034,5.5
CA_1,SYNTH_005,1035,5.5
CA_1,SYNTH_005,1036,5.5
CA_1,SYNTH_005,1037,5.5
CA_1,SYNTH_005,1038,5.5
CA_1,SYNTH_005,1039,5.5
CA_1,SYNTH_005,1040,5.5
CA_1,SYNTH_005,1041,5.5
CA_1,SYNTH_005,1042,5.5
CA_1,SYNTH_005,1043,5.5
CA_1,SYNTH_005,1044,5.5
CA_1,SYNTH_005,1045,5.5
CA_1,SYNTH_005,1046,5.5
CA_1,SYNTH_005,1047,5.5
CA_1,SYNTH_005,1048,5.5
CA_1,SYNTH_005,1049,5.5
CA_1,SYNTH_005,1050,5.5
CA_1,SYNTH_005,1051,5.5
CA_1,SYNTH_005,1052,5.5
CA_1,SYNTH_005,1053,5.5
CA_1,SYNTH_005,1054,5.5
CA_1,SYNTH_005,1055,5.5
CA_1,SYNTH_005,1056,5.5
CA_1,SYNTH_005,1057,5.5
CA_1,SYNTH_005,1058,5.5
CA_1,SYNTH_005,1059,5.5
CA_1,SYNTH_005,1060,5.5
CA_1,SYNTH_005,1061,5.5
CA_1,SYNTH_005,1062,5.5
CA_1,SYNTH_005,1063,5.5
CA_1,SYNTH_005,1064,5.5
CA_1,SYNTH_005,1065,5.5
CA_1,SYNTH_005,1066,5.5
CA_1,SYNTH_005,1067,5.5
CA_1,SYNTH_005,1068,5.5
CA_1,SYNTH_005,1069,5.5
CA_1,SYNTH_005,1070,5.5
CA_1,SYNTH_005,1071,5.5
CA_1,SYNTH_005,1072,5.5
CA_1,SYNTH_005,1073,5.5
CA_1,SYNTH_005,1074,5.5
CA_1,SYNTH_005,1075,5.5
CA_1,SYNTH_005,1076,5.5
CA_1,SYNTH_005,1077,5.5
CA_1,SYNTH_005,1078,5.5
CA_1,SYNTH_005,1079,5.5
CA_1,SYNTH_005,1080,5.5
CA_1,SYNTH_005,1081,5.5
CA_1,SYNTH_005,1082,5.5
CA_1,SYNTH_005,1083,5.5
CA_1,SYNTH_005,1084,5.5
CA_1,SYNTH_005,1085,5.5
CA_1,SYNTH_005,1086,5.5
CA_1,SYNTH_005,1087,5.5
CA_1,SYNTH_005,1088,5.5
CA_1,SYNTH_005,1089,5.5
CA_1,SYNTH_005,1090,5.5
CA_1,SYNTH_005,1091,5.5
CA_1,SYNTH_005,1092,5.5
CA_1,SYNTH_005,1093,5.5
CA_1,SYNTH_005,1094,5.5
CA_1,SYNTH_005,1095,5.5
CA_1,SYNTH_005,1096,5.5
CA_1,SYNTH_005,1097,5.5
CA_1,SYNTH_005,1098,5.5
CA_1,SYNTH_005,1099,5.5
CA_1,SYNTH_005,1100,5.5
CA_1,SYNTH_005,1101,5.5
CA_1,SYNTH_005,1102,5.5
CA_1,SYNTH_006,1000,6.199999999999999
CA_1,SYNTH_006,1001,6.199999999999999
CA_1,SYNTH_006,1002,6.199999999999999
CA_1,SYNTH_006,1003,6.199999999999999
CA_1,SYNTH_006,1004,6.199999999999999
CA_1,SYNTH_006,1005,6.199999999999999
CA_1,SYNTH_006,1006,6.199999999999999
CA_1,SYNTH_006,1007,6.199999999999999
CA_1,SYNTH_006,1008,6.199999999999999
CA_1,SYNTH_006,1009,6.199999999999999
CA_1,SYNTH_006,1010,6.199999999999999
CA_1,SYNTH_006,1011,6.199999999999999
CA_1,SYNTH_006,1012,6.199999999999999
CA_1,SYNTH_006,1013,6.199999999999999
CA_1,SYNTH_006,1014,6.199999999999999
CA_1,SYNTH_006,1015,6.199999999999999
CA_1,SYNTH_006,1016,6.199999999999999
CA_1,SYNTH_006,1017,6.199999999999999
CA_1,SYNTH_006,1018,6.199999999999999
CA_1,SYNTH_006,1019,6.199999999999999
CA_1,SYNTH_006,1020,6.199999999999999
CA_1,SYNTH_006,1021,6.199999999999999
CA_1,SYNTH_006,1022,6.199999999999999
CA_1,SYNTH_006,1023,6.199999999999999
CA_1,SYNTH_006,1024,6.199999999999999
CA_1,SYNTH_006,1025,6.199999999999999
CA_1,SYNTH_006,1026,6.199999999999999
CA_1,SYNTH_006,1027,6.199999999999999
CA_1,SYNTH_006,1028,6.199999999999999
CA_1,SYNTH_006,1029,6.199999999999999
CA_1,SYNTH_006,1030,6.199999999999999
CA_1,SYNTH_006,1031,6.199999999999999
CA_1,SYNTH_006,1032,6.199999999999999
CA_1,SYNTH_006,1033,6.199999999999999
CA_1,SYNTH_006,1034,6.199999999999999
CA_1,SYNTH_006,1035,6.199999999999999
CA_1,SYNTH_006,1036,6.199999999999999
CA_1,SYNTH_006,1037,6.199999999999999
CA_1,SYNTH_006,1038,6.199999999999999
CA_1,SYNTH_006,1039,6.199999999999999
CA_1,SYNTH_006,1040,6.199999999999999
CA_1,SYNTH_006,1041,6.199999999999999
CA_1,SYNTH_006,1042,6.199999999999999
CA_1,SYNTH_006,1043,6.199999999999999
CA_1,SYNTH_006,1044,6.199999999999999
CA_1,SYNTH_006,1045,6.199999999999999
CA_1,SYNTH_006,1046,6.199999999999999
CA_1,SYNTH_006,1047,6.199999999999999
CA_1,SYNTH_006,1048,6.199999999999999
CA_1,SYNTH_006,1049,6.199999999999999
CA_1,SYNTH_006,1050,6.199999999999999
CA_1,SYNTH_006,1051,6.199999999999999
CA_1,SYNTH_006,1052,6.199999999999999
CA_1,SYNTH_006,1053,6.199999999999999
CA_1,SYNTH_006,1054,6.199999999999999
CA_1,SYNTH_006,1055,6.199999999999999
CA_1,SYNTH_006,1056,6.199999999999999
CA_1,SYNTH_006,1057,6.199999999999999
CA_1,SYNTH_006,1058,6.199999999999999
CA_1,SYNTH_006,1059,6.199999999999999
CA_1,SYNTH_006,1060,6.199999999999999
CA_1,SYNTH_006,1061,6.199999999999999
CA_1,SYNTH_006,1062,6.199999999999999
CA_1,SYNTH_006,1063,6.199999999999999
CA_1,SYNTH_006,1064,6.199999999999999
CA_1,SYNTH_006,1065,6.199999999999999
CA_1,SYNTH_006,1066,6.199999999999999
CA_1,SYNTH_006,1067,6.199999999999999
CA_1,SYNTH_006,1068,6.199999999999999
CA_1,SYNTH_006,1069,6.199999999999999
CA_1,SYNTH_006,1070,6.199999999999999
CA_1,SYNTH_006,1071,6.199999999999999
CA_1,SYNTH_006,1072,6.199999999999999
CA_1,SYNTH_006,1073,6.199999999999999
CA_1,SYNTH_006,1074,6.199999999999999
CA_1,SYNTH_006,1075,6.199999999999999
CA_1,SYNTH_006,1076,6.199999999999999
CA_1,SYNTH_006,1077,6.199999999999999
CA_1,SYNTH_006,1078,6.199999999999999
CA_1,SYNTH_006,1079,6.199999999999999
CA_1,SYNTH_006,1080,6.199999999999999
CA_1,SYNTH_006,1081,6.199999999999999
CA_1,SYNTH_006,1082,6.199999999999999
CA_1,SYNTH_006,1083,6.199999999999999
CA_1,SYNTH_006,1084,6.199999999999999
CA_1,SYNTH_006,1085,6.199999999999999
CA_1,SYNTH_006,1086,6.199999999999999
CA_1,SYNTH_006,1087,6.199999999999999
CA_1,SYNTH_006,1088,6.199999999999999
CA_1,SYNTH_006,1089,6.199999999999999
CA_1,SYNTH_006,1090,6.199999999999999
CA_1,SYNTH_006,1091,6.199999999999999
CA_1,SYNTH_006,1092,6.199999999999999
CA_1,SYNTH_006,1093,6.199999999999999
CA_1,SYNTH_006,1094,6.199999999999999
CA_1,SYNTH_006,1095,6.199999999999999
CA_1,SYNTH_006,1096,6.199999999999999
CA_1,SYNTH_006,1097,6.199999999999999
CA_1,SYNTH_006,1098,6.199999999999999
CA_1,SYNTH_006,1099,6.199999999999999
CA_1,SYNTH_006,1100,6.199999999999999
CA_1,SYNTH_006,1101,6.199999999999999
CA_1,SYNTH_006,1102,6.199999999999999
CA_1,SYNTH_007,1000,6.8999999999999995
CA_1,SYNTH_007,1001,6.8999999999999995
CA_1,SYNTH_007,1002,6.8999999999999995
CA_1,SYNTH_007,1003,6.8999999999999995
CA_1,SYNTH_007,1004,6.8999999999999995
CA_1,SYNTH_007,1005,6.8999999999999995
CA_1,SYNTH_007,1006,6.8999999999999995
CA_1,SYNTH_007,1007,6.8999999999999995
CA_1,SYNTH_007,1008,6.8999999999999995
CA_1,SYNTH_007,1009,6.8999999999999995
CA_1,SYNTH_007,1010,6.8999999999999995
CA_1,SYNTH_007,1011,6.8999999999999995
CA_1,SYNTH_007,1012,6.8999999999999995
CA_1,SYNTH_007,1013,6.8999999999999995
CA_1,SYNTH_007,1014,6.8999999999999995
CA_1,SYNTH_007,1015,6.8999999999999995
CA_1,SYNTH_007,1016,6.8999999999999995
CA_1,SYNTH_007,1017,6.8999999999999995
CA_1,SYNTH_007,1018,6.8999999999999995
CA_1,SYNTH_007,1019,6.8999999999999995
CA_1,SYNTH_007,1020,6.8999999999999995
CA_1,SYNTH_007,1021,6.8999999999999995
CA_1,SYNTH_007,1022,6.8999999999999995
CA_1,SYNTH_007,1023,6.8999999999999995
CA_1,SYNTH_007,1024,6.8999999999999995
CA_1,SYNTH_007,1025,6.8999999999999995
CA_1,SYNTH_007,1026,6.8999999999999995
CA_1,SYNTH_007,1027,6.8999999999999995
CA_1,SYNTH_007,1028,6.8999999999999995
CA_1,SYNTH_007,1029,6.8999999999999995
CA_1,SYNTH_007,1030,6.8999999999999995
CA_1,SYNTH_007,1031,6.8999999999999995
CA_1,SYNTH_007,1032,6.8999999999999995
CA_1,SYNTH_007,1033,6.8999999999999995
CA_1,SYNTH_007,1034,6.8999999999999995
CA_1,SYNTH_007,1035,6.8999999999999995
CA_1,SYNTH_007,1036,6.8999999999999995
CA_1,SYNTH_007,1037,6.8999999999999995
CA_1,SYNTH_007,1038,6.8999999999999995
CA_1,SYNTH_007,1039,6.8999999999999995
CA_1,SYNTH_007,1040,6.8999999999999995
CA_1,SYNTH_007,1041,6.8999999999999995
CA_1,SYNTH_007,1042,6.8999999999999995
CA_1,SYNTH_007,1043,6.8999999999999995
CA_1,SYNTH_007,1044,6.8999999999999995
CA_1,SYNTH_007,1045,6.8999999999999995
CA_1,SYNTH_007,1046,6.8999999999999995
CA_1,SYNTH_007,1047,6.8999999999999995
CA_1,SYNTH_007,1048,6.8999999999999995
CA_1,SYNTH_007,1049,6.8999999999999995
CA_1,SYNTH_007,1050,6.8999999999999995
CA_1,SYNTH_007,1051,6.8999999999999995
CA_1,SYNTH_007,1052,6.8999999999999995
CA_1,SYNTH_007,1053,6.8999999999999995
CA_1,SYNTH_007,1054,6.8999999999999995
CA_1,SYNTH_007,1055,6.8999999999999995
CA_1,SYNTH_007,1056,6.8999999999999995
CA_1,SYNTH_007,1057,6.8999999999999995
CA_1,SYNTH_007,1058,6.8999999999999995
CA_1,SYNTH_007,1059,6.8999999999999995
CA_1,SYNTH_007,1060,6.8999999999999995
CA_1,SYNTH_007,1061,6.8999999999999995
CA_1,SYNTH_007,1062,6.8999999999999995
CA_1,SYNTH_007,1063,6.8999999999999995
CA_1,SYNTH_007,1064,6.8999999999999995
CA_1,SYNTH_007,1065,6.8999999999999995
CA_1,SYNTH_007,1066,6.8999999999999995
CA_1,SYNTH_007,1067,6.8999999999999995
CA_1,SYNTH_007,1068,6.8999999999999995
CA_1,SYNTH_007,1069,6.8999999999999995
CA_1,SYNTH_007,1070,6.8999999999999995
CA_1,SYNTH_007,1071,6.8999999999999995
CA_1,SYNTH_007,1072,6.8999999999999995
CA_1,SYNTH_007,1073,6.8999999999999995
CA_1,SYNTH_007,1074,6.8999999999999995
CA_1,SYNTH_007,1075,6.8999999999999995
CA_1,SYNTH_007,1076,6.8999999999999995
CA_1,SYNTH_007,1077,6.8999999999999995
CA_1,SYNTH_007,1078,6.8999999999999995
CA_1,SYNTH_007,1079,6.8999999999999995
CA_1,SYNTH_007,1080,6.8999999999999995
CA_1,SYNTH_007,1081,6.8999999999999995
CA_1,SYNTH_007,1082,6.8999999999999995
CA_1,SYNTH_007,1083,6.8999999999999995
CA_1,SYNTH_007,1084,6.8999999999999995
CA_1,SYNTH_007,1085,6.8999999999999995
CA_1,SYNTH_007,1086,6.8999999999999995
CA_1,SYNTH_007,1087,6.8999999999999995
CA_1,SYNTH_007,1088,6.8999999999999995
CA_1,SYNTH_007,1089,6.8999999999999995
CA_1,SYNTH_007,1090,6.8999999999999995
CA_1,SYNTH_007,1091,6.8999999999999995
CA_1,SYNTH_007,1092,6.8999999999999995
CA_1,SYNTH_007,1093,6.8999999999999995
CA_1,SYNTH_007,1094,6.8999999999999995
CA_1,SYNTH_007,1095,6.8999999999999995
CA_1,SYNTH_007,1096,6.8999999999999995
CA_1,SYNTH_007,1097,6.8999999999999995
CA_1,SYNTH_007,1098,6.8999999999999995
CA_1,SYNTH_007,1099,6.8999999999999995
CA_1,SYNTH_007,1100,6.8999999999999995
CA_1,SYNTH_007,1101,6.8999999999999995
CA_1,SYNTH_007,1102,6.8999999999999995
CA_1,SYNTH_008,1000,7.6
CA_1,SYNTH_008,1001,7.6
CA_1,SYNTH_008,1002,7.6
CA_1,SYNTH_008,1003,7.6
CA_1,SYNTH_008,1004,7.6
CA_1,SYNTH_008,1005,7.6
CA_1,SYNTH_008,1006,7.6
CA_1,SYNTH_008,1007,7.6
CA_1,SYNTH_008,1008,7.6
CA_1,SYNTH_008,1009,7.6
CA_1,SYNTH_008,1010,7.6
CA_1,SYNTH_008,1011,7.6
CA_1,SYNTH_008,1012,7.6
CA_1,SYNTH_008,1013,7.6
CA_1,SYNTH_008,1014,7.6
CA_1,SYNTH_008,1015,7.6
CA_1,SYNTH_008,1016,7.6
CA_1,SYNTH_008,1017,7.6
CA_1,SYNTH_008,1018,7.6
CA_1,SYNTH_008,1019,7.6
CA_1,SYNTH_008,1020,7.6
CA_1,SYNTH_008,1021,7.6
CA_1,SYNTH_008,1022,7.6
CA_1,SYNTH_008,1023,7.6
CA_1,SYNTH_008,1024,7.6
CA_1,SYNTH_008,1025,7.6
CA_1,SYNTH_008,1026,7.6
CA_1,SYNTH_008,1027,7.6
CA_1,SYNTH_008,1028,7.6
CA_1,SYNTH_008,1029,7.6
CA_1,SYNTH_008,1030,7.6
CA_1,SYNTH_008,1031,7.6
CA_1,SYNTH_008,1032,7.6
CA_1,SYNTH_008,1033,7.6
CA_1,SYNTH_008,1034,7.6
CA_1,SYNTH_008,1035,7.6
CA_1,SYNTH_008,1036,7.6
CA_1,SYNTH_008,1037,7.6
CA_1,SYNTH_008,1038,7.6
CA_1,SYNTH_008,1039,7.6
CA_1,SYNTH_008,1040,7.6
CA_1,SYNTH_008,1041,7.6
CA_1,SYNTH_008,1042,7.6
CA_1,SYNTH_008,1043,7.6
CA_1,SYNTH_008,1044,7.6
CA_1,SYNTH_008,1045,7.6
CA_1,SYNTH_008,1046,7.6
CA_1,SYNTH_008,1047,7.6
CA_1,SYNTH_008,1048,7.6
CA_1,SYNTH_008,1049,7.6
CA_1,SYNTH_008,1050,7.6
CA_1,SYNTH_008,1051,7.6
CA_1,SYNTH_008,1052,7.6
CA_1,SYNTH_008,1053,7.6
CA_1,SYNTH_008,1054,7.6
CA_1,SYNTH_008,1055,7.6
CA_1,SYNTH_008,1056,7.6
CA_1,SYNTH_008,1057,7.6
CA_1,SYNTH_008,1058,7.6
CA_1,SYNTH_008,1059,7.6
CA_1,SYNTH_008,1060,7.6
CA_1,SYNTH_008,1061,7.6
CA_1,SYNTH_008,1062,7.6
CA_1,SYNTH_008,1063,7.6
CA_1,SYNTH_008,1064,7.6
CA_1,SYNTH_008,1065,7.6
CA_1,SYNTH_008,1066,7.6
CA_1,SYNTH_008,1067,7.6
CA_1,SYNTH_008,1068,7.6
CA_1,SYNTH_008,1069,7.6
CA_1,SYNTH_008,1070,7.6
CA_1,SYNTH_008,1071,7.6
CA_1,SYNTH_008,1072,7.6
CA_1,SYNTH_008,1073,7.6
CA_1,SYNTH_008,1074,7.6
CA_1,SYNTH_008,1075,7.6
CA_1,SYNTH_008,1076,7.6
CA_1,SYNTH_008,1077,7.6
CA_1,SYNTH_008,1078,7.6
CA_1,SYNTH_008,1079,7.6
CA_1,SYNTH_008,1080,7.6
CA_1,SYNTH_008,1081,7.6
CA_1,SYNTH_008,1082,7.6
CA_1,SYNTH_008,1083,7.6
CA_1,SYNTH_008,1084,7.6
CA_1,SYNTH_008,1085,7.6
CA_1,SYNTH_008,1086,7.6
CA_1,SYNTH_008,1087,7.6
CA_1,SYNTH_008,1088,7.6
CA_1,SYNTH_008,1089,7.6
CA_1,SYNTH_008,1090,7.6
CA_1,SYNTH_008,1091,7.6
CA_1,SYNTH_008,1092,7.6
CA_1,SYNTH_008,1093,7.6
CA_1,SYNTH_008,1094,7.6
CA_1,SYNTH_008,1095,7.6
CA_1,SYNTH_008,1096,7.6
CA_1,SYNTH_008,1097,7.6
CA_1,SYNTH_008,1098,7.6
CA_1,SYNTH_008,1099,7.6
CA_1,SYNTH_008,1100,7.6
CA_1,SYNTH_008,1101,7.6
CA_1,SYNTH_008,1102,7.6
CA_1,SYNTH_009,1000,8.3
CA_1,SYNTH_009,1001,8.3
CA_1,SYNTH_009,1002,8.3
CA_1,SYNTH_009,1003,8.3
CA_1,SYNTH_009,1004,8.3
CA_1,SYNTH_009,1005,8.3
CA_1,SYNTH_009,1006,8.3
CA_1,SYNTH_009,1007,8.3
CA_1,SYNTH_009,1008,8.3
CA_1,SYNTH_009,1009,8.3
CA_1,SYNTH_009,1010,8.3
CA_1,SYNTH_009,1011,8.3
CA_1,SYNTH_009,1012,8.3
CA_1,SYNTH_009,1013,8.3
CA_1,SYNTH_009,1014,8.3
CA_1,SYNTH_009,1015,8.3
CA_1,SYNTH_009,1016,8.3
CA_1,SYNTH_009,1017,8.3
CA_1,SYNTH_009,1018,8.3
CA_1,SYNTH_009,1019,8.3
CA_1,SYNTH_009,1020,8.3
CA_1,SYNTH_009,1021,8.3
CA_1,SYNTH_009,1022,8.3
CA_1,SYNTH_009,1023,8.3
CA_1,SYNTH_009,1024,8.3
CA_1,SYNTH_009,1025,8.3
CA_1,SYNTH_009,1026,8.3
CA_1,SYNTH_009,1027,8.3
CA_1,SYNTH_009,1028,8.3
CA_1,SYNTH_009,1029,8.3
CA_1,SYNTH_009,1030,8.3
CA_1,SYNTH_009,1031,8.3
CA_1,SYNTH_009,1032,8.3
CA_1,SYNTH_009,1033,8.3
CA_1,SYNTH_009,1034,8.3
CA_1,SYNTH_009,1035,8.3
CA_1,SYNTH_009,1036,8.3
CA_1,SYNTH_009,1037,8.3
CA_1,SYNTH_009,1038,8.3
CA_1,SYNTH_009,1039,8.3
CA_1,SYNTH_009,1040,8.3
CA_1,SYNTH_009,1041,8.3
CA_1,SYNTH_009,1042,8.3
CA_1,SYNTH_009,1043,8.3
CA_1,SYNTH_009,1044,8.3
CA_1,SYNTH_009,1045,8.3
CA_1,SYNTH_009,1046,8.3
CA_1,SYNTH_009,1047,8.3
CA_1,SYNTH_009,1048,8.3
CA_1,SYNTH_009,1049,8.3
CA_1,SYNTH_009,1050,8.3
CA_1,SYNTH_009,1051,8.3
CA_1,SYNTH_009,1052,8.3
CA_1,SYNTH_009,1053,8.3
CA_1,SYNTH_009,1054,8.3
CA_1,SYNTH_009,1055,8.3
CA_1,SYNTH_009,1056,8.3
CA_1,SYNTH_009,1057,8.3
CA_1,SYNTH_009,1058,8.3
CA_1,SYNTH_009,1059,8.3
CA_1,SYNTH_009,1060,8.3
CA_1,SYNTH_009,1061,8.3
CA_1,SYNTH_009,1062,8.3
CA_1,SYNTH_009,1063,8.3
CA_1,SYNTH_009,1064,8.3
CA_1,SYNTH_009,1065,8.3
CA_1,SYNTH_009,1066,8.3
CA_1,SYNTH_009,1067,8.3
CA_1,SYNTH_009,1068,8.3
CA_1,SYNTH_009,1069,8.3
CA_1,SYNTH_009,1070,8.3
CA_1,SYNTH_009,1071,8.3
CA_1,SYNTH_009,1072,8.3
CA_1,SYNTH_009,1073,8.3
CA_1,SYNTH_009,1074,8.3
CA_1,SYNTH_009,1075,8.3
CA_1,SYNTH_009,1076,8.3
CA_1,SYNTH_009,1077,8.3
CA_1,SYNTH_009,1078,8.3
CA_1,SYNTH_009,1079,8.3
CA_1,SYNTH_009,1080,8.3
CA_1,SYNTH_009,1081,8.3
CA_1,SYNTH_009,1082,8.3
CA_1,SYNTH_009,1083,8.3
CA_1,SYNTH_009,1084,8.3
CA_1,SYNTH_009,1085,8.3
CA_1,SYNTH_009,1086,8.3
CA_1,SYNTH_009,1087,8.3
CA_1,SYNTH_009,1088,8.3
CA_1,SYNTH_009,1089,8.3
CA_1,SYNTH_009,1090,8.3
CA_1,SYNTH_009,1091,8.3
CA_1,SYNTH_009,1092,8.3
CA_1,SYNTH_009,1093,8.3
CA_1,SYNTH_009,1094,8.3
CA_1,SYNTH_009,1095,8.3
CA_1,SYNTH_009,1096,8.3
CA_1,SYNTH_009,1097,8.3
CA_1,SYNTH_009,1098,8.3
CA_1,SYNTH_009,1099,8.3
CA_1,SYNTH_009,1100,8.3
CA_1,SYNTH_009,1101,8.3
CA_1,SYNTH_009,1102,8.3
CA_1,SYNTH_010,1000,9.0
CA_1,SYNTH_010,1001,9.0
CA_1,SYNTH_010,1002,9.0
CA_1,SYNTH_010,1003,9.0
CA_1,SYNTH_010,1004,9.0
CA_1,SYNTH_010,1005,9.0
CA_1,SYNTH_010,1006,9.0
CA_1,SYNTH_010,1007,9.0
CA_1,SYNTH_010,1008,9.0
CA_1,SYNTH_010,1009,9.0
CA_1,SYNTH_010,1010,9.0
CA_1,SYNTH_010,1011,9.0
CA_1,SYNTH_010,1012,9.0
CA_1,SYNTH_010,1013,9.0
CA_1,SYNTH_010,1014,9.0
CA_1,SYNTH_010,1015,9.0
CA_1,SYNTH_010,1016,9.0
CA_1,SYNTH_010,1017,9.0
CA_1,SYNTH_010,1018,9.0
CA_1,SYNTH_010,1019,9.0
CA_1,SYNTH_010,1020,9.0
CA_1,SYNTH_010,1021,9.0
CA_1,SYNTH_010,1022,9.0
CA_1,SYNTH_010,1023,9.0
CA_1,SYNTH_010,1024,9.0
CA_1,SYNTH_010,1025,9.0
CA_1,SYNTH_010,1026,9.0
CA_1,SYNTH_010,1027,9.0
CA_1,SYNTH_010,1028,9.0
CA_1,SYNTH_010,1029,9.0
CA_1,SYNTH_010,1030,9.0
CA_1,SYNTH_010,1031,9.0
CA_1,SYNTH_010,1032,9.0
CA_1,SYNTH_010,1033,9.0
CA_1,SYNTH_010,1034,9.0
CA_1,SYNTH_010,1035,9.0
CA_1,SYNTH_010,1036,9.0
CA_1,SYNTH_010,1037,9.0
CA_1,SYNTH_010,1038,9.0
CA_1,SYNTH_010,1039,9.0
CA_1,SYNTH_010,1040,9.0
CA_1,SYNTH_010,1041,9.0
CA_1,SYNTH_010,1042,9.0
CA_1,SYNTH_010,1043,9.0
CA_1,SYNTH_010,1044,9.0
CA_1,SYNTH_010,1045,9.0
CA_1,SYNTH_010,1046,9.0
CA_1,SYNTH_010,1047,9.0
CA_1,SYNTH_010,1048,9.0
CA_1,SYNTH_010,1049,9.0
CA_1,SYNTH_010,1050,9.0
CA_1,SYNTH_010,1051,9.0
CA_1,SYNTH_010,1052,9.0
CA_1,SYNTH_010,1053,9.0
CA_1,SYNTH_010,1054,9.0
CA_1,SYNTH_010,1055,9.0
CA_1,SYNTH_010,1056,9.0
CA_1,SYNTH_010,1057,9.0
CA_1,SYNTH_010,1058,9.0
CA_1,SYNTH_010,1059,9.0
CA_1,SYNTH_010,1060,9.0
CA_1,SYNTH_010,1061,9.0
CA_1,SYNTH_010,1062,9.0
CA_1,SYNTH_010,1063,9.0
CA_1,SYNTH_010,1064,9.0
CA_1,SYNTH_010,1065,9.0
CA_1,SYNTH_010,1066,9.0
CA_1,SYNTH_010,1067,9.0
CA_1,SYNTH_010,1068,9.0
CA_1,SYNTH_010,1069,9.0
CA_1,SYNTH_010,1070,9.0
CA_1,SYNTH_010,1071,9.0
CA_1,SYNTH_010,1072,9.0
CA_1,SYNTH_010,1073,9.0
CA_1,SYNTH_010,1074,9.0
CA_1,SYNTH_010,1075,9.0
CA_1,SYNTH_010,1076,9.0
CA_1,SYNTH_010,1077,9.0
CA_1,SYNTH_010,1078,9.0
CA_1,SYNTH_010,1079,9.0
CA_1,SYNTH_010,1080,9.0
CA_1,SYNTH_010,1081,9.0
CA_1,SYNTH_010,1082,9.0
CA_1,SYNTH_010,1083,9.0
CA_1,SYNTH_010,1084,9.0
CA_1,SYNTH_010,1085,9.0
CA_1,SYNTH_010,1086,9.0
CA_1,SYNTH_010,1087,9.0
CA_1,SYNTH_010,1088,9.0
CA_1,SYNTH_010,1089,9.0
CA_1,SYNTH_010,1090,9.0
CA_1,SYNTH_010,1091,9.0
CA_1,SYNTH_010,1092,9.0
CA_1,SYNTH_010,1093,9.0
CA_1,SYNTH_010,1094,9.0
CA_1,SYNTH_010,1095,9.0
CA_1,SYNTH_010,1096,9.0
CA_1,SYNTH_010,1097,9.0
CA_1,SYNTH_010,1098,9.0
CA_1,SYNTH_010,1099,9.0
CA_1,SYNTH_010,1100,9.0
CA_1,SYNTH_010,1101,9.0
CA_1,SYNTH_010,1102,9.0
CA_1,SYNTH_011,1000,9.7
CA_1,SYNTH_011,1001,9.7
CA_1,SYNTH_011,1002,9.7
CA_1,SYNTH_011,1003,9.7
CA_1,SYNTH_011,1004,9.7
CA_1,SYNTH_011,1005,9.7
CA_1,SYNTH_011,1006,9.7
CA_1,SYNTH_011,1007,9.7
CA_1,SYNTH_011,1008,9.7
CA_1,SYNTH_011,1009,9.7
CA_1,SYNTH_011,1010,9.7
CA_1,SYNTH_011,1011,9.7
CA_1,SYNTH_011,1012,9.7
CA_1,SYNTH_011,1013,9.7
CA_1,SYNTH_011,1014,9.7
CA_1,SYNTH_011,1015,9.7
CA_1,SYNTH_011,1016,9.7
CA_1,SYNTH_011,1017,9.7
CA_1,SYNTH_011,1018,9.7
CA_1,SYNTH_011,1019,9.7
CA_1,SYNTH_011,1020,9.7
CA_1,SYNTH_011,1021,9.7
CA_1,SYNTH_011,1022,9.7
CA_1,SYNTH_011,1023,9.7
CA_1,SYNTH_011,1024,9.7
CA_1,SYNTH_011,1025,9.7
CA_1,SYNTH_011,1026,9.7
CA_1,SYNTH_011,1027,9.7
CA_1,SYNTH_011,1028,9.7
CA_1,SYNTH_011,1029,9.7
CA_1,SYNTH_011,1030,9.7
CA_1,SYNTH_011,1031,9.7
CA_1,SYNTH_011,1032,9.7
CA_1,SYNTH_011,1033,9.7
CA_1,SYNTH_011,1034,9.7
CA_1,SYNTH_011,1035,9.7
CA_1,SYNTH_011,1036,9.7
CA_1,SYNTH_011,1037,9.7
CA_1,SYNTH_011,1038,9.7
CA_1,SYNTH_011,1039,9.7
CA_1,SYNTH_011,1040,9.7
CA_1,SYNTH_011,1041,9.7
CA_1,SYNTH_011,1042,9.7
CA_1,SYNTH_011,1043,9.7
CA_1,SYNTH_011,1044,9.7
CA_1,SYNTH_011,1045,9.7
CA_1,SYNTH_011,1046,9.7
CA_1,SYNTH_011,1047,9.7
CA_1,SYNTH_011,1048,9.7
CA_1,SYNTH_011,1049,9.7
CA_1,SYNTH_011,1050,9.7
CA_1,SYNTH_011,1051,9.7
CA_1,SYNTH_011,1052,9.7
CA_1,SYNTH_011,1053,9.7
CA_1,SYNTH_011,1054,9.7
CA_1,SYNTH_011,1055,9.7
CA_1,SYNTH_011,1056,9.7
CA_1,SYNTH_011,1057,9.7
CA_1,SYNTH_011,1058,9.7
CA_1,SYNTH_011,1059,9.7
CA_1,SYNTH_011,1060,9.7
CA_1,SYNTH_011,1061,9.7
CA_1,SYNTH_011,1062,9.7
CA_1,SYNTH_011,1063,9.7
CA_1,SYNTH_011,1064,9.7
CA_1,SYNTH_011,1065,9.7
CA_1,SYNTH_011,1066,9.7
CA_1,SYNTH_011,1067,9.7
CA_1,SYNTH_011,1068,9.7
CA_1,SYNTH_011,1069,9.7
CA_1,SYNTH_011,1070,9.7
CA_1,SYNTH_011,1071,9.7
CA_1,SYNTH_011,1072,9.7
CA_1,SYNTH_011,1073,9.7
CA_1,SYNTH_011,1074,9.7
CA_1,SYNTH_011,1075,9.7
CA_1,SYNTH_011,1076,9.7
CA_1,SYNTH_011,1077,9.7
CA_1,SYNTH_011,1078,9.7
CA_1,SYNTH_011,1079,9.7
CA_1,SYNTH_011,1080,9.7
CA_1,SYNTH_011,1081,9.7
CA_1,SYNTH_011,1082,9.7
CA_1,SYNTH_011,1083,9.7
CA_1,SYNTH_011,1084,9.7
CA_1,SYNTH_011,1085,9.7
CA_1,SYNTH_011,1086,9.7
CA_1,SYNTH_011,1087,9.7
CA_1,SYNTH_011,1088,9.7
CA_1,SYNTH_011,1089,9.7
CA_1,SYNTH_011,1090,9.7
CA_1,SYNTH_011,1091,9.7
CA_1,SYNTH_011,1092,9.7
CA_1,SYNTH_011,1093,9.7
CA_1,SYNTH_011,1094,9.7
CA_1,SYNTH_011,1095,9.7
CA_1,SYNTH_011,1096,9.7
CA_1,SYNTH_011,1097,9.7
CA_1,SYNTH_011,1098,9.7
CA_1,SYNTH_011,1099,9.7
CA_1,SYNTH_011,1100,9.7
CA_1,SYNTH_011,1101,9.7
CA_1,SYNTH_011,1102,9.7
CA_1,SYNTH_012,1000,10.399999999999999
CA_1,SYNTH_012,1001,10.399999999999999
CA_1,SYNTH_012,1002,10.399999999999999
CA_1,SYNTH_012,1003,10.399999999999999
CA_1,SYNTH_012,1004,10.399999999999999
CA_1,SYNTH_012,1005,10.399999999999999
CA_1,SYNTH_012,1006,10.399999999999999
CA_1,SYNTH_012,1007,10.399999999999999
CA_1,SYNTH_012,1008,10.399999999999999
CA_1,SYNTH_012,1009,10.399999999999999
CA_1,SYNTH_012,1010,10.399999999999999
CA_1,SYNTH_012,1011,10.399999999999999
CA_1,SYNTH_012,1012,10.399999999999999
CA_1,SYNTH_012,1013,10.399999999999999
CA_1,SYNTH_012,1014,10.399999999999999
CA_1,SYNTH_012,1015,10.399999999999999
CA_1,SYNTH_012,1016,10.399999999999999
CA_1,SYNTH_012,1017,10.399999999999999
CA_1,SYNTH_012,1018,10.399999999999999
CA_1,SYNTH_012,1019,10.399999999999999
CA_1,SYNTH_012,1020,10.399999999999999
CA_1,SYNTH_012,1021,10.399999999999999
CA_1,SYNTH_012,1022,10.399999999999999
CA_1,SYNTH_012,1023,10.399999999999999
CA_1,SYNTH_012,1024,10.399999999999999
CA_1,SYNTH_012,1025,10.399999999999999
CA_1,SYNTH_012,1026,10.399999999999999
CA_1,SYNTH_012,1027,10.399999999999999
CA_1,SYNTH_012,1028,10.399999999999999
CA_1,SYNTH_012,1029,10.399999999999999
CA_1,SYNTH_012,1030,10.399999999999999
CA_1,SYNTH_012,1031,10.399999999999999
CA_1,SYNTH_012,1032,10.399999999999999
CA_1,SYNTH_012,1033,10.399999999999999
CA_1,SYNTH_012,1034,10.399999999999999
CA_1,SYNTH_012,1035,10.399999999999999
CA_1,SYNTH_012,1036,10.399999999999999
CA_1,SYNTH_012,1037,10.399999999999999
CA_1,SYNTH_012,1038,10.399999999999999
CA_1,SYNTH_012,1039,10.399999999999999
CA_1,SYNTH_012,1040,10.399999999999999
CA_1,SYNTH_012,1041,10.399999999999999
CA_1,SYNTH_012,1042,10.399999999999999
CA_1,SYNTH_012,1043,10.399999999999999
CA_1,SYNTH_012,1044,10.399999999999999
CA_1,SYNTH_012,1045,10.399999999999999
CA_1,SYNTH_012,1046,10.399999999999999
CA_1,SYNTH_012,1047,10.399999999999999
CA_1,SYNTH_012,1048,10.399999999999999
CA_1,SYNTH_012,1049,10.399999999999999
CA_1,SYNTH_012,1050,10.399999999999999
CA_1,SYNTH_012,1051,10.399999999999999
CA_1,SYNTH_012,1052,10.399999999999999
CA_1,SYNTH_012,1053,10.399999999999999
CA_1,SYNTH_012,1054,10.399999999999999
CA_1,SYNTH_012,1055,10.399999999999999
CA_1,SYNTH_012,1056,10.399999999999999
CA_1,SYNTH_012,1057,10.399999999999999
CA_1,SYNTH_012,1058,10.399999999999999
CA_1,SYNTH_012,1059,10.399999999999999
CA_1,SYNTH_012,1060,10.399999999999999
CA_1,SYNTH_012,1061,10.399999999999999
CA_1,SYNTH_012,1062,10.399999999999999
CA_1,SYNTH_012,1063,10.399999999999999
CA_1,SYNTH_012,1064,10.399999999999999
CA_1,SYNTH_012,1065,10.399999999999999
CA_1,SYNTH_012,1066,10.399999999999999
CA_1,SYNTH_012,1067,10.399999999999999
CA_1,SYNTH_012,1068,10.399999999999999
CA_1,SYNTH_012,1069,10.399999999999999
CA_1,SYNTH_012,1070,10.399999999999999
CA_1,SYNTH_012,1071,10.399999999999999
CA_1,SYNTH_012,1072,10.399999999999999
CA_1,SYNTH_012,1073,10.399999999999999
CA_1,SYNTH_012,1074,10.399999999999999
CA_1,SYNTH_012,1075,10.399999999999999
CA_1,SYNTH_012,1076,10.399999999999999
CA_1,SYNTH_012,1077,10.399999999999999
CA_1,SYNTH_012,1078,10.399999999999999
CA_1,SYNTH_012,1079,10.399999999999999
CA_1,SYNTH_012,1080,10.399999999999999
CA_1,SYNTH_012,1081,10.399999999999999
CA_1,SYNTH_012,1082,10.399999999999999
CA_1,SYNTH_012,1083,10.399999999999999
CA_1,SYNTH_012,1084,10.399999999999999
CA_1,SYNTH_012,1085,10.399999999999999
CA_1,SYNTH_012,1086,10.399999999999999
CA_1,SYNTH_012,1087,10.399999999999999
CA_1,SYNTH_012,1088,10.399999999999999
CA_1,SYNTH_012,1089,10.399999999999999
CA_1,SYNTH_012,1090,10.399999999999999
CA_1,SYNTH_012,1091,10.399999999999999
CA_1,SYNTH_012,1092,10.399999999999999
CA_1,SYNTH_012,1093,10.399999999999999
CA_1,SYNTH_012,1094,10.399999999999999
CA_1,SYNTH_012,1095,10.399999999999999
CA_1,SYNTH_012,1096,10.399999999999999
CA_1,SYNTH_012,1097,10.399999999999999
CA_1,SYNTH_012,1098,10.399999999999999
CA_1,SYNTH_012,1099,10.399999999999999
CA_1,SYNTH_012,1100,10.399999999999999
CA_1,SYNTH_012,1101,10.399999999999999
CA_1,SYNTH_012,1102,10.399999999999999
TX_1,SYNTH_001,1000,2.7
TX_1,SYNTH_001,1001,2.7
TX_1,SYNTH_001,1002,2.7
TX_1,SYNTH_001,1003,2.7
TX_1,SYNTH_001,1004,2.7
TX_1,SYNTH_001,1005,2.7
TX_1,SYNTH_001,1006,2.7
TX_1,SYNTH_001,1007,2.7
TX_1,SYNTH_001,1008,2.7
TX_1,SYNTH_001,1009,2.7
TX_1,SYNTH_001,1010,2.7
TX_1,SYNTH_001,1011,2.7
TX_1,SYNTH_001,1012,2.7
TX_1,SYNTH_001,1013,2.7
TX_1,SYNTH_001,1014,2.7
TX_1,SYNTH_001,1015,2.7
TX_1,SYNTH_001,1016,2.7
TX_1,SYNTH_001,1017,2.7
TX_1,SYNTH_001,1018,2.7
TX_1,SYNTH_001,1019,2.7
TX_1,SYNTH_001,1020,2.7
TX_1,SYNTH_001,1021,2.7
TX_1,SYNTH_001,1022,2.7
TX_1,SYNTH_001,1023,2.7
TX_1,SYNTH_001,1024,2.7
TX_1,SYNTH_001,1025,2.7
TX_1,SYNTH_001,1026,2.7
TX_1,SYNTH_001,1027,2.7
TX_1,SYNTH_001,1028,2.7
TX_1,SYNTH_001,1029,2.7
TX_1,SYNTH_001,1030,2.7
TX_1,SYNTH_001,1031,2.7
TX_1,SYNTH_001,1032,2.7
TX_1,SYNTH_001,1033,2.7
TX_1,SYNTH_001,1034,2.7
TX_1,SYNTH_001,1035,2.7
TX_1,SYNTH_001,1036,2.7
TX_1,SYNTH_001,1037,2.7
TX_1,SYNTH_001,1038,2.7
TX_1,SYNTH_001,1039,2.7
TX_1,SYNTH_001,1040,2.7
TX_1,SYNTH_001,1041,2.7
TX_1,SYNTH_001,1042,2.7
TX_1,SYNTH_001,1043,2.7
TX_1,SYNTH_001,1044,2.7
TX_1,SYNTH_001,1045,2.7
TX_1,SYNTH_001,1046,2.7
TX_1,SYNTH_001,1047,2.7
TX_1,SYNTH_001,1048,2.7
TX_1,SYNTH_001,1049,2.7
TX_1,SYNTH_001,1050,2.7
TX_1,SYNTH_001,1051,2.7
TX_1,SYNTH_001,1052,2.7
TX_1,SYNTH_001,1053,2.7
TX_1,SYNTH_001,1054,2.7
TX_1,SYNTH_001,1055,2.7
TX_1,SYNTH_001,1056,2.7
TX_1,SYNTH_001,1057,2.7
TX_1,SYNTH_001,1058,2.7
TX_1,SYNTH_001,1059,2.7
TX_1,SYNTH_001,1060,2.7
TX_1,SYNTH_001,1061,2.7
TX_1,SYNTH_001,1062,2.7
TX_1,SYNTH_001,1063,2.7
TX_1,SYNTH_001,1064,2.7
TX_1,SYNTH_001,1065,2.7
TX_1,SYNTH_001,1066,2.7
TX_1,SYNTH_001,1067,2.7
TX_1,SYNTH_001,1068,2.7
TX_1,SYNTH_001,1069,2.7
TX_1,SYNTH_001,1070,2.7
TX_1,SYNTH_001,1071,2.7
TX_1,SYNTH_001,1072,2.7
TX_1,SYNTH_001,1073,2.7
TX_1,SYNTH_001,1074,2.7
TX_1,SYNTH_001,1075,2.7
TX_1,SYNTH_001,1076,2.7
TX_1,SYNTH_001,1077,2.7
TX_1,SYNTH_001,1078,2.7
TX_1,SYNTH_001,1079,2.7
TX_1,SYNTH_001,1080,2.7
TX_1,SYNTH_001,1081,2.7
TX_1,SYNTH_001,1082,2.7
TX_1,SYNTH_001,1083,2.7
TX_1,SYNTH_001,1084,2.7
TX_1,SYNTH_001,1085,2.7
TX_1,SYNTH_001,1086,2.7
TX_1,SYNTH_001,1087,2.7
TX_1,SYNTH_001,1088,2.7
TX_1,SYNTH_001,1089,2.7
TX_1,SYNTH_001,1090,2.7
TX_1,SYNTH_001,1091,2.7
TX_1,SYNTH_001,1092,2.7
TX_1,SYNTH_001,1093,2.7
TX_1,SYNTH_001,1094,2.7
TX_1,SYNTH_001,1095,2.7
TX_1,SYNTH_001,1096,2.7
TX_1,SYNTH_001,1097,2.7
TX_1,SYNTH_001,1098,2.7
TX_1,SYNTH_001,1099,2.7
TX_1,SYNTH_001,1100,2.7
TX_1,SYNTH_001,1101,2.7
TX_1,SYNTH_001,1102,2.7
TX_1,SYNTH_002,1000,3.4
TX_1,SYNTH_002,1001,3.4
TX_1,SYNTH_002,1002,3.4
TX_1,SYNTH_002,1003,3.4
TX_1,SYNTH_002,1004,3.4
TX_1,SYNTH_002,1005,3.4
TX_1,SYNTH_002,1006,3.4
TX_1,SYNTH_002,1007,3.4
TX_1,SYNTH_002,1008,3.4
TX_1,SYNTH_002,1009,3.4
TX_1,SYNTH_002,1010,3.4
TX_1,SYNTH_002,1011,3.4
TX_1,SYNTH_002,1012,3.4
TX_1,SYNTH_002,1013,3.4
TX_1,SYNTH_002,1014,3.4
TX_1,SYNTH_002,1015,3.4
TX_1,SYNTH_002,1016,3.4
TX_1,SYNTH_002,1017,3.4
TX_1,SYNTH_002,1018,3.4
TX_1,SYNTH_002,1019,3.4
TX_1,SYNTH_002,1020,3.4
TX_1,SYNTH_002,1021,3.4
TX_1,SYNTH_002,1022,3.4
TX_1,SYNTH_002,1023,3.4
TX_1,SYNTH_002,1024,3.4
TX_1,SYNTH_002,1025,3.4
TX_1,SYNTH_002,1026,3.4
TX_1,SYNTH_002,1027,3.4
TX_1,SYNTH_002,1028,3.4
TX_1,SYNTH_002,1029,3.4
TX_1,SYNTH_002,1030,3.4
TX_1,SYNTH_002,1031,3.4
TX_1,SYNTH_002,1032,3.4
TX_1,SYNTH_002,1033,3.4
TX_1,SYNTH_002,1034,3.4
TX_1,SYNTH_002,1035,3.4
TX_1,SYNTH_002,1036,3.4
TX_1,SYNTH_002,1037,3.4
TX_1,SYNTH_002,1038,3.4
TX_1,SYNTH_002,1039,3.4
TX_1,SYNTH_002,1040,3.4
TX_1,SYNTH_002,1041,3.4
TX_1,SYNTH_002,1042,3.4
TX_1,SYNTH_002,1043,3.4
TX_1,SYNTH_002,1044,3.4
TX_1,SYNTH_002,1045,3.4
TX_1,SYNTH_002,1046,3.4
TX_1,SYNTH_002,1047,3.4
TX_1,SYNTH_002,1048,3.4
TX_1,SYNTH_002,1049,3.4
TX_1,SYNTH_002,1050,3.4
TX_1,SYNTH_002,1051,3.4
TX_1,SYNTH_002,1052,3.4
TX_1,SYNTH_002,1053,3.4
TX_1,SYNTH_002,1054,3.4
TX_1,SYNTH_002,1055,3.4
TX_1,SYNTH_002,1056,3.4
TX_1,SYNTH_002,1057,3.4
TX_1,SYNTH_002,1058,3.4
TX_1,SYNTH_002,1059,3.4
TX_1,SYNTH_002,1060,3.4
TX_1,SYNTH_002,1061,3.4
TX_1,SYNTH_002,1062,3.4
TX_1,SYNTH_002,1063,3.4
TX_1,SYNTH_002,1064,3.4
TX_1,SYNTH_002,1065,3.4
TX_1,SYNTH_002,1066,3.4
TX_1,SYNTH_002,1067,3.4
TX_1,SYNTH_002,1068,3.4
TX_1,SYNTH_002,1069,3.4
TX_1,SYNTH_002,1070,3.4
TX_1,SYNTH_002,1071,3.4
TX_1,SYNTH_002,1072,3.4
TX_1,SYNTH_002,1073,3.4
TX_1,SYNTH_002,1074,3.4
TX_1,SYNTH_002,1075,3.4
TX_1,SYNTH_002,1076,3.4
TX_1,SYNTH_002,1077,3.4
TX_1,SYNTH_002,1078,3.4
TX_1,SYNTH_002,1079,3.4
TX_1,SYNTH_002,1080,3.4
TX_1,SYNTH_002,1081,3.4
TX_1,SYNTH_002,1082,3.4
TX_1,SYNTH_002,1083,3.4
TX_1,SYNTH_002,1084,3.4
TX_1,SYNTH_002,1085,3.4
TX_1,SYNTH_002,1086,3.4
TX_1,SYNTH_002,1087,3.4
TX_1,SYNTH_002,1088,3.4
TX_1,SYNTH_002,1089,3.4
TX_1,SYNTH_002,1090,3.4
TX_1,SYNTH_002,1091,3.4
TX_1,SYNTH_002,1092,3.4
TX_1,SYNTH_002,1093,3.4
TX_1,SYNTH_002,1094,3.4
TX_1,SYNTH_002,1095,3.4
TX_1,SYNTH_002,1096,3.4
TX_1,SYNTH_002,1097,3.4
TX_1,SYNTH_002,1098,3.4
TX_1,SYNTH_002,1099,3.4
TX_1,SYNTH_002,1100,3.4
TX_1,SYNTH_002,1101,3.4
TX_1,SYNTH_002,1102,3.4
TX_1,SYNTH_003,1000,4.1
TX_1,SYNTH_003,1001,4.1
TX_1,SYNTH_003,1002,4.1
TX_1,SYNTH_003,1003,4.1
TX_1,SYNTH_003,1004,4.1
TX_1,SYNTH_003,1005,4.1
TX_1,SYNTH_003,1006,4.1
TX_1,SYNTH_003,1007,4.1
TX_1,SYNTH_003,1008,4.1
TX_1,SYNTH_003,1009,4.1
TX_1,SYNTH_003,1010,4.1
TX_1,SYNTH_003,1011,4.1
TX_1,SYNTH_003,1012,4.1
TX_1,SYNTH_003,1013,4.1
TX_1,SYNTH_003,1014,4.1
TX_1,SYNTH_003,1015,4.1
TX_1,SYNTH_003,1016,4.1
TX_1,SYNTH_003,1017,4.1
TX_1,SYNTH_003,1018,4.1
TX_1,SYNTH_003,1019,4.1
TX_1,SYNTH_003,1020,4.1
TX_1,SYNTH_003,1021,4.1
TX_1,SYNTH_003,1022,4.1
TX_1,SYNTH_003,1023,4.1
TX_1,SYNTH_003,1024,4.1
TX_1,SYNTH_003,1025,4.1
TX_1,SYNTH_003,1026,4.1
TX_1,SYNTH_003,1027,4.1
TX_1,SYNTH_003,1028,4.1
TX_1,SYNTH_003,1029,4.1
TX_1,SYNTH_003,1030,4.1
TX_1,SYNTH_003,1031,4.1
TX_1,SYNTH_003,1032,4.1
TX_1,SYNTH_003,1033,4.1
TX_1,SYNTH_003,1034,4.1
TX_1,SYNTH_003,1035,4.1
TX_1,SYNTH_003,1036,4.1
TX_1,SYNTH_003,1037,4.1
TX_1,SYNTH_003,1038,4.1
TX_1,SYNTH_003,1039,4.1
TX_1,SYNTH_003,1040,4.1
TX_1,SYNTH_003,1041,4.1
TX_1,SYNTH_003,1042,4.1
TX_1,SYNTH_003,1043,4.1
TX_1,SYNTH_003,1044,4.1
TX_1,SYNTH_003,1045,4.1
TX_1,SYNTH_003,1046,4.1
TX_1,SYNTH_003,1047,4.1
TX_1,SYNTH_003,1048,4.1
TX_1,SYNTH_003,1049,4.1
TX_1,SYNTH_003,1050,4.1
TX_1,SYNTH_003,1051,4.1
TX_1,SYNTH_003,1052,4.1
TX_1,SYNTH_003,1053,4.1
TX_1,SYNTH_003,1054,4.1
TX_1,SYNTH_003,1055,4.1
TX_1,SYNTH_003,1056,4.1
TX_1,SYNTH_003,1057,4.1
TX_1,SYNTH_003,1058,4.1
TX_1,SYNTH_003,1059,4.1
TX_1,SYNTH_003,1060,4.1
TX_1,SYNTH_003,1061,4.1
TX_1,SYNTH_003,1062,4.1
TX_1,SYNTH_003,1063,4.1
TX_1,SYNTH_003,1064,4.1
TX_1,SYNTH_003,1065,4.1
TX_1,SYNTH_003,1066,4.1
TX_1,SYNTH_003,1067,4.1
TX_1,SYNTH_003,1068,4.1
TX_1,SYNTH_003,1069,4.1
TX_1,SYNTH_003,1070,4.1
TX_1,SYNTH_003,1071,4.1
TX_1,SYNTH_003,1072,4.1
TX_1,SYNTH_003,1073,4.1
TX_1,SYNTH_003,1074,4.1
TX_1,SYNTH_003,1075,4.1
TX_1,SYNTH_003,1076,4.1
TX_1,SYNTH_003,1077,4.1
TX_1,SYNTH_003,1078,4.1
TX_1,SYNTH_003,1079,4.1
TX_1,SYNTH_003,1080,4.1
TX_1,SYNTH_003,1081,4.1
TX_1,SYNTH_003,1082,4.1
TX_1,SYNTH_003,1083,4.1
TX_1,SYNTH_003,1084,4.1
TX_1,SYNTH_003,1085,4.1
TX_1,SYNTH_003,1086,4.1
TX_1,SYNTH_003,1087,4.1
TX_1,SYNTH_003,1088,4.1
TX_1,SYNTH_003,1089,4.1
TX_1,SYNTH_003,1090,4.1
TX_1,SYNTH_003,1091,4.1
TX_1,SYNTH_003,1092,4.1
TX_1,SYNTH_003,1093,4.1
TX_1,SYNTH_003,1094,4.1
TX_1,SYNTH_003,1095,4.1
TX_1,SYNTH_003,1096,4.1
TX_1,SYNTH_003,1097,4.1
TX_1,SYNTH_003,1098,4.1
TX_1,SYNTH_003,1099,4.1
TX_1,SYNTH_003,1100,4.1
TX_1,SYNTH_003,1101,4.1
TX_1,SYNTH_003,1102,4.1
TX_1,SYNTH_004,1000,4.8
TX_1,SYNTH_004,1001,4.8
TX_1,SYNTH_004,1002,4.8
TX_1,SYNTH_004,1003,4.8
TX_1,SYNTH_004,1004,4.8
TX_1,SYNTH_004,1005,4.8
TX_1,SYNTH_004,1006,4.8
TX_1,SYNTH_004,1007,4.8
TX_1,SYNTH_004,1008,4.8
TX_1,SYNTH_004,1009,4.8
TX_1,SYNTH_004,1010,4.8
TX_1,SYNTH_004,1011,4.8
TX_1,SYNTH_004,1012,4.8
TX_1,SYNTH_004,1013,4.8
TX_1,SYNTH_004,1014,4.8
TX_1,SYNTH_004,1015,4.8
TX_1,SYNTH_004,1016,4.8
TX_1,SYNTH_004,1017,4.8
TX_1,SYNTH_004,1018,4.8
TX_1,SYNTH_004,1019,4.8
TX_1,SYNTH_004,1020,4.8
TX_1,SYNTH_004,1021,4.8
TX_1,SYNTH_004,1022,4.8
TX_1,SYNTH_004,1023,4.8
TX_1,SYNTH_004,1024,4.8
TX_1,SYNTH_004,1025,4.8
TX_1,SYNTH_004,1026,4.8
TX_1,SYNTH_004,1027,4.8
TX_1,SYNTH_004,1028,4.8
TX_1,SYNTH_004,1029,4.8
TX_1,SYNTH_004,1030,4.8
TX_1,SYNTH_004,1031,4.8
TX_1,SYNTH_004,1032,4.8
TX_1,SYNTH_004,1033,4.8
TX_1,SYNTH_004,1034,4.8
TX_1,SYNTH_004,1035,4.8
TX_1,SYNTH_004,1036,4.8
TX_1,SYNTH_004,1037,4.8
TX_1,SYNTH_004,1038,4.8
TX_1,SYNTH_004,1039,4.8
TX_1,SYNTH_004,1040,4.8
TX_1,SYNTH_004,1041,4.8
TX_1,SYNTH_004,1042,4.8
TX_1,SYNTH_004,1043,4.8
TX_1,SYNTH_004,1044,4.8
TX_1,SYNTH_004,1045,4.8
TX_1,SYNTH_004,1046,4.8
TX_1,SYNTH_004,1047,4.8
TX_1,SYNTH_004,1048,4.8
TX_1,SYNTH_004,1049,4.8
TX_1,SYNTH_004,1050,4.8
TX_1,SYNTH_004,1051,4.8
TX_1,SYNTH_004,1052,4.8
TX_1,SYNTH_004,1053,4.8
TX_1,SYNTH_004,1054,4.8
TX_1,SYNTH_004,1055,4.8
TX_1,SYNTH_004,1056,4.8
TX_1,SYNTH_004,1057,4.8
TX_1,SYNTH_004,1058,4.8
TX_1,SYNTH_004,1059,4.8
TX_1,SYNTH_004,1060,4.8
TX_1,SYNTH_004,1061,4.8
TX_1,SYNTH_004,1062,4.8
TX_1,SYNTH_004,1063,4.8
TX_1,SYNTH_004,1064,4.8
TX_1,SYNTH_004,1065,4.8
TX_1,SYNTH_004,1066,4.8
TX_1,SYNTH_004,1067,4.8
TX_1,SYNTH_004,1068,4.8
TX_1,SYNTH_004,1069,4.8
TX_1,SYNTH_004,1070,4.8
TX_1,SYNTH_004,1071,4.8
TX_1,SYNTH_004,1072,4.8
TX_1,SYNTH_004,1073,4.8
TX_1,SYNTH_004,1074,4.8
TX_1,SYNTH_004,1075,4.8
TX_1,SYNTH_004,1076,4.8
TX_1,SYNTH_004,1077,4.8
TX_1,SYNTH_004,1078,4.8
TX_1,SYNTH_004,1079,4.8
TX_1,SYNTH_004,1080,4.8
TX_1,SYNTH_004,1081,4.8
TX_1,SYNTH_004,1082,4.8
TX_1,SYNTH_004,1083,4.8
TX_1,SYNTH_004,1084,4.8
TX_1,SYNTH_004,1085,4.8
TX_1,SYNTH_004,1086,4.8
TX_1,SYNTH_004,1087,4.8
TX_1,SYNTH_004,1088,4.8
TX_1,SYNTH_004,1089,4.8
TX_1,SYNTH_004,1090,4.8
TX_1,SYNTH_004,1091,4.8
TX_1,SYNTH_004,1092,4.8
TX_1,SYNTH_004,1093,4.8
TX_1,SYNTH_004,1094,4.8
TX_1,SYNTH_004,1095,4.8
TX_1,SYNTH_004,1096,4.8
TX_1,SYNTH_004,1097,4.8
TX_1,SYNTH_004,1098,4.8
TX_1,SYNTH_004,1099,4.8
TX_1,SYNTH_004,1100,4.8
TX_1,SYNTH_004,1101,4.8
TX_1,SYNTH_004,1102,4.8
TX_1,SYNTH_005,1000,5.5
TX_1,SYNTH_005,1001,5.5
TX_1,SYNTH_005,1002,5.5
TX_1,SYNTH_005,1003,5.5
TX_1,SYNTH_005,1004,5.5
TX_1,SYNTH_005,1005,5.5
TX_1,SYNTH_005,1006,5.5
TX_1,SYNTH_005,1007,5.5
TX_1,SYNTH_005,1008,5.5
TX_1,SYNTH_005,1009,5.5
TX_1,SYNTH_005,1010,5.5
TX_1,SYNTH_005,1011,5.5
TX_1,SYNTH_005,1012,5.5
TX_1,SYNTH_005,1013,5.5
TX_1,SYNTH_005,1014,5.5
TX_1,SYNTH_005,1015,5.5
TX_1,SYNTH_005,1016,5.5
TX_1,SYNTH_005,1017,5.5
TX_1,SYNTH_005,1018,5.5
TX_1,SYNTH_005,1019,5.5
TX_1,SYNTH_005,1020,5.5
TX_1,SYNTH_005,1021,5.5
TX_1,SYNTH_005,1022,5.5
TX_1,SYNTH_005,1023,5.5
TX_1,SYNTH_005,1024,5.5
TX_1,SYNTH_005,1025,5.5
TX_1,SYNTH_005,1026,5.5
TX_1,SYNTH_005,1027,5.5
TX_1,SYNTH_005,1028,5.5
TX_1,SYNTH_005,1029,5.5
TX_1,SYNTH_005,1030,5.5
TX_1,SYNTH_005,1031,5.5
TX_1,SYNTH_005,1032,5.5
TX_1,SYNTH_005,1033,5.5
TX_1,SYNTH_005,1034,5.5
TX_1,SYNTH_005,1035,5.5
TX_1,SYNTH_005,1036,5.5
TX_1,SYNTH_005,1037,5.5
TX_1,SYNTH_005,1038,5.5
TX_1,SYNTH_005,1039,5.5
TX_1,SYNTH_005,1040,5.5
TX_1,SYNTH_005,1041,5.5
TX_1,SYNTH_005,1042,5.5
TX_1,SYNTH_005,1043,5.5
TX_1,SYNTH_005,1044,5.5
TX_1,SYNTH_005,1045,5.5
TX_1,SYNTH_005,1046,5.5
TX_1,SYNTH_005,1047,5.5
TX_1,SYNTH_005,1048,5.5
TX_1,SYNTH_005,1049,5.5
TX_1,SYNTH_005,1050,5.5
TX_1,SYNTH_005,1051,5.5
TX_1,SYNTH_005,1052,5.5
TX_1,SYNTH_005,1053,5.5
TX_1,SYNTH_005,1054,5.5
TX_1,SYNTH_005,1055,5.5
TX_1,SYNTH_005,1056,5.5
TX_1,SYNTH_005,1057,5.5
TX_1,SYNTH_005,1058,5.5
TX_1,SYNTH_005,1059,5.5
TX_1,SYNTH_005,1060,5.5
TX_1,SYNTH_005,1061,5.5
TX_1,SYNTH_005,1062,5.5
TX_1,SYNTH_005,1063,5.5
TX_1,SYNTH_005,1064,5.5
TX_1,SYNTH_005,1065,5.5
TX_1,SYNTH_005,1066,5.5
TX_1,SYNTH_005,1067,5.5
TX_1,SYNTH_005,1068,5.5
TX_1,SYNTH_005,1069,5.5
TX_1,SYNTH_005,1070,5.5
TX_1,SYNTH_005,1071,5.5
TX_1,SYNTH_005,1072,5.5
TX_1,SYNTH_005,1073,5.5
TX_1,SYNTH_005,1074,5.5
TX_1,SYNTH_005,1075,5.5
TX_1,SYNTH_005,1076,5.5
TX_1,SYNTH_005,1077,5.5
TX_1,SYNTH_005,1078,5.5
TX_1,SYNTH_005,1079,5.5
TX_1,SYNTH_005,1080,5.5
TX_1,SYNTH_005,1081,5.5
TX_1,SYNTH_005,1082,5.5
TX_1,SYNTH_005,1083,5.5
TX_1,SYNTH_005,1084,5.5
TX_1,SYNTH_005,1085,5.5
TX_1,SYNTH_005,1086,5.5
TX_1,SYNTH_005,1087,5.5
TX_1,SYNTH_005,1088,5.5
TX_1,SYNTH_005,1089,5.5
TX_1,SYNTH_005,1090,5.5
TX_1,SYNTH_005,1091,5.5
TX_1,SYNTH_005,1092,5.5
TX_1,SYNTH_005,1093,5.5
TX_1,SYNTH_005,1094,5.5
TX_1,SYNTH_005,1095,5.5
TX_1,SYNTH_005,1096,5.5
TX_1,SYNTH_005,1097,5.5
TX_1,SYNTH_005,1098,5.5
TX_1,SYNTH_005,1099,5.5
TX_1,SYNTH_005,1100,5.5
TX_1,SYNTH_005,1101,5.5
TX_1,SYNTH_005,1102,5.5
TX_1,SYNTH_006,1000,6.199999999999999
TX_1,SYNTH_006,1001,6.199999999999999
TX_1,SYNTH_006,1002,6.199999999999999
TX_1,SYNTH_006,1003,6.199999999999999
TX_1,SYNTH_006,1004,6.199999999999999
TX_1,SYNTH_006,1005,6.199999999999999
TX_1,SYNTH_006,1006,6.199999999999999
TX_1,SYNTH_006,1007,6.199999999999999
TX_1,SYNTH_006,1008,6.199999999999999
TX_1,SYNTH_006,1009,6.199999999999999
TX_1,SYNTH_006,1010,6.199999999999999
TX_1,SYNTH_006,1011,6.199999999999999
TX_1,SYNTH_006,1012,6.199999999999999
TX_1,SYNTH_006,1013,6.199999999999999
TX_1,SYNTH_006,1014,6.199999999999999
TX_1,SYNTH_006,1015,6.199999999999999
TX_1,SYNTH_006,1016,6.199999999999999
TX_1,SYNTH_006,1017,6.199999999999999
TX_1,SYNTH_006,1018,6.199999999999999
TX_1,SYNTH_006,1019,6.199999999999999
TX_1,SYNTH_006,1020,6.199999999999999
TX_1,SYNTH_006,1021,6.199999999999999
TX_1,SYNTH_006,1022,6.199999999999999
TX_1,SYNTH_006,1023,6.199999999999999
TX_1,SYNTH_006,1024,6.199999999999999
TX_1,SYNTH_006,1025,6.199999999999999
TX_1,SYNTH_006,1026,6.199999999999999
TX_1,SYNTH_006,1027,6.199999999999999
TX_1,SYNTH_006,1028,6.199999999999999
TX_1,SYNTH_006,1029,6.199999999999999
TX_1,SYNTH_006,1030,6.199999999999999
TX_1,SYNTH_006,1031,6.199999999999999
TX_1,SYNTH_006,1032,6.199999999999999
TX_1,SYNTH_006,1033,6.199999999999999
TX_1,SYNTH_006,1034,6.199999999999999
TX_1,SYNTH_006,1035,6.199999999999999
TX_1,SYNTH_006,1036,6.199999999999999
TX_1,SYNTH_006,1037,6.199999999999999
TX_1,SYNTH_006,1038,6.199999999999999
TX_1,SYNTH_006,1039,6.199999999999999
TX_1,SYNTH_006,1040,6.199999999999999
TX_1,SYNTH_006,1041,6.199999999999999
TX_1,SYNTH_006,1042,6.199999999999999
TX_1,SYNTH_006,1043,6.199999999999999
TX_1,SYNTH_006,1044,6.199999999999999
TX_1,SYNTH_006,1045,6.199999999999999
TX_1,SYNTH_006,1046,6.199999999999999
TX_1,SYNTH_006,1047,6.199999999999999
TX_1,SYNTH_006,1048,6.199999999999999
TX_1,SYNTH_006,1049,6.199999999999999
TX_1,SYNTH_006,1050,6.199999999999999
TX_1,SYNTH_006,1051,6.199999999999999
TX_1,SYNTH_006,1052,6.199999999999999
TX_1,SYNTH_006,1053,6.199999999999999
TX_1,SYNTH_006,1054,6.199999999999999
TX_1,SYNTH_006,1055,6.199999999999999
TX_1,SYNTH_006,1056,6.199999999999999
TX_1,SYNTH_006,1057,6.199999999999999
TX_1,SYNTH_006,1058,6.199999999999999
TX_1,SYNTH_006,1059,6.199999999999999
TX_1,SYNTH_006,1060,6.199999999999999
TX_1,SYNTH_006,1061,6.199999999999999
TX_1,SYNTH_006,1062,6.199999999999999
TX_1,SYNTH_006,1063,6.199999999999999
TX_1,SYNTH_006,1064,6.199999999999999
TX_1,SYNTH_006,1065,6.199999999999999
TX_1,SYNTH_006,1066,6.199999999999999
TX_1,SYNTH_006,1067,6.199999999999999
TX_1,SYNTH_006,1068,6.199999999999999
TX_1,SYNTH_006,1069,6.199999999999999
TX_1,SYNTH_006,1070,6.199999999999999
TX_1,SYNTH_006,1071,6.199999999999999
TX_1,SYNTH_006,1072,6.199999999999999
TX_1,SYNTH_006,1073,6.199999999999999
TX_1,SYNTH_006,1074,6.199999999999999
TX_1,SYNTH_006,1075,6.199999999999999
TX_1,SYNTH_006,1076,6.199999999999999
TX_1,SYNTH_006,1077,6.199999999999999
TX_1,SYNTH_006,1078,6.199999999999999
TX_1,SYNTH_006,1079,6.199999999999999
TX_1,SYNTH_006,1080,6.199999999999999
TX_1,SYNTH_006,1081,6.199999999999999
TX_1,SYNTH_006,1082,6.199999999999999
TX_1,SYNTH_006,1083,6.199999999999999
TX_1,SYNTH_006,1084,6.199999999999999
TX_1,SYNTH_006,1085,6.199999999999999
TX_1,SYNTH_006,1086,6.199999999999999
TX_1,SYNTH_006,1087,6.199999999999999
TX_1,SYNTH_006,1088,6.199999999999999
TX_1,SYNTH_006,1089,6.199999999999999
TX_1,SYNTH_006,1090,6.199999999999999
TX_1,SYNTH_006,1091,6.199999999999999
TX_1,SYNTH_006,1092,6.199999999999999
TX_1,SYNTH_006,1093,6.199999999999999
TX_1,SYNTH_006,1094,6.199999999999999
TX_1,SYNTH_006,1095,6.199999999999999
TX_1,SYNTH_006,1096,6.199999999999999
TX_1,SYNTH_006,1097,6.199999999999999
TX_1,SYNTH_006,1098,6.199999999999999
TX_1,SYNTH_006,1099,6.199999999999999
TX_1,SYNTH_006,1100,6.199999999999999
TX_1,SYNTH_006,1101,6.199999999999999
TX_1,SYNTH_006,1102,6.199999999999999
TX_1,SYNTH_007,1000,6.8999999999999995
TX_1,SYNTH_007,1001,6.8999999999999995
TX_1,SYNTH_007,1002,6.8999999999999995
TX_1,SYNTH_007,1003,6.8999999999999995
TX_1,SYNTH_007,1004,6.8999999999999995
TX_1,SYNTH_007,1005,6.8999999999999995
TX_1,SYNTH_007,1006,6.8999999999999995
TX_1,SYNTH_007,1007,6.8999999999999995
TX_1,SYNTH_007,1008,6.8999999999999995
TX_1,SYNTH_007,1009,6.8999999999999995
TX_1,SYNTH_007,1010,6.8999999999999995
TX_1,SYNTH_007,1011,6.8999999999999995
TX_1,SYNTH_007,1012,6.8999999999999995
TX_1,SYNTH_007,1013,6.8999999999999995
TX_1,SYNTH_007,1014,6.8999999999999995
TX_1,SYNTH_007,1015,6.8999999999999995
TX_1,SYNTH_007,1016,6.8999999999999995
TX_1,SYNTH_007,1017,6.8999999999999995
TX_1,SYNTH_007,1018,6.8999999999999995
TX_1,SYNTH_007,1019,6.8999999999999995
TX_1,SYNTH_007,1020,6.8999999999999995
TX_1,SYNTH_007,1021,6.8999999999999995
TX_1,SYNTH_007,1022,6.8999999999999995
TX_1,SYNTH_007,1023,6.8999999999999995
TX_1,SYNTH_007,1024,6.8999999999999995
TX_1,SYNTH_007,1025,6.8999999999999995
TX_1,SYNTH_007,1026,6.8999999999999995
TX_1,SYNTH_007,1027,6.8999999999999995
TX_1,SYNTH_007,1028,6.8999999999999995
TX_1,SYNTH_007,1029,6.8999999999999995
TX_1,SYNTH_007,1030,6.8999999999999995
TX_1,SYNTH_007,1031,6.8999999999999995
TX_1,SYNTH_007,1032,6.8999999999999995
TX_1,SYNTH_007,1033,6.8999999999999995
TX_1,SYNTH_007,1034,6.8999999999999995
TX_1,SYNTH_007,1035,6.8999999999999995
TX_1,SYNTH_007,1036,6.8999999999999995
TX_1,SYNTH_007,1037,6.8999999999999995
TX_1,SYNTH_007,1038,6.8999999999999995
TX_1,SYNTH_007,1039,6.8999999999999995
TX_1,SYNTH_007,1040,6.8999999999999995
TX_1,SYNTH_007,1041,6.8999999999999995
TX_1,SYNTH_007,1042,6.8999999999999995
TX_1,SYNTH_007,1043,6.8999999999999995
TX_1,SYNTH_007,1044,6.8999999999999995
TX_1,SYNTH_007,1045,6.8999999999999995
TX_1,SYNTH_007,1046,6.8999999999999995
TX_1,SYNTH_007,1047,6.8999999999999995
TX_1,SYNTH_007,1048,6.8999999999999995
TX_1,SYNTH_007,1049,6.8999999999999995
TX_1,SYNTH_007,1050,6.8999999999999995
TX_1,SYNTH_007,1051,6.8999999999999995
TX_1,SYNTH_007,1052,6.8999999999999995
TX_1,SYNTH_007,1053,6.8999999999999995
TX_1,SYNTH_007,1054,6.8999999999999995
TX_1,SYNTH_007,1055,6.8999999999999995
TX_1,SYNTH_007,1056,6.8999999999999995
TX_1,SYNTH_007,1057,6.8999999999999995
TX_1,SYNTH_007,1058,6.8999999999999995
TX_1,SYNTH_007,1059,6.8999999999999995
TX_1,SYNTH_007,1060,6.8999999999999995
TX_1,SYNTH_007,1061,6.8999999999999995
TX_1,SYNTH_007,1062,6.8999999999999995
TX_1,SYNTH_007,1063,6.8999999999999995
TX_1,SYNTH_007,1064,6.8999999999999995
TX_1,SYNTH_007,1065,6.8999999999999995
TX_1,SYNTH_007,1066,6.8999999999999995
TX_1,SYNTH_007,1067,6.8999999999999995
TX_1,SYNTH_007,1068,6.8999999999999995
TX_1,SYNTH_007,1069,6.8999999999999995
TX_1,SYNTH_007,1070,6.8999999999999995
TX_1,SYNTH_007,1071,6.8999999999999995
TX_1,SYNTH_007,1072,6.8999999999999995
TX_1,SYNTH_007,1073,6.8999999999999995
TX_1,SYNTH_007,1074,6.8999999999999995
TX_1,SYNTH_007,1075,6.8999999999999995
TX_1,SYNTH_007,1076,6.8999999999999995
TX_1,SYNTH_007,1077,6.8999999999999995
TX_1,SYNTH_007,1078,6.8999999999999995
TX_1,SYNTH_007,1079,6.8999999999999995
TX_1,SYNTH_007,1080,6.8999999999999995
TX_1,SYNTH_007,1081,6.8999999999999995
TX_1,SYNTH_007,1082,6.8999999999999995
TX_1,SYNTH_007,1083,6.8999999999999995
TX_1,SYNTH_007,1084,6.8999999999999995
TX_1,SYNTH_007,1085,6.8999999999999995
TX_1,SYNTH_007,1086,6.8999999999999995
TX_1,SYNTH_007,1087,6.8999999999999995
TX_1,SYNTH_007,1088,6.8999999999999995
TX_1,SYNTH_007,1089,6.8999999999999995
TX_1,SYNTH_007,1090,6.8999999999999995
TX_1,SYNTH_007,1091,6.8999999999999995
TX_1,SYNTH_007,1092,6.8999999999999995
TX_1,SYNTH_007,1093,6.8999999999999995
TX_1,SYNTH_007,1094,6.8999999999999995
TX_1,SYNTH_007,1095,6.8999999999999995
TX_1,SYNTH_007,1096,6.8999999999999995
TX_1,SYNTH_007,1097,6.8999999999999995
TX_1,SYNTH_007,1098,6.8999999999999995
TX_1,SYNTH_007,1099,6.8999999999999995
TX_1,SYNTH_007,1100,6.8999999999999995
TX_1,SYNTH_007,1101,6.8999999999999995
TX_1,SYNTH_007,1102,6.8999999999999995
TX_1,SYNTH_008,1000,7.6
TX_1,SYNTH_008,1001,7.6
TX_1,SYNTH_008,1002,7.6
TX_1,SYNTH_008,1003,7.6
TX_1,SYNTH_008,1004,7.6
TX_1,SYNTH_008,1005,7.6
TX_1,SYNTH_008,1006,7.6
TX_1,SYNTH_008,1007,7.6
TX_1,SYNTH_008,1008,7.6
TX_1,SYNTH_008,1009,7.6
TX_1,SYNTH_008,1010,7.6
TX_1,SYNTH_008,1011,7.6
TX_1,SYNTH_008,1012,7.6
TX_1,SYNTH_008,1013,7.6
TX_1,SYNTH_008,1014,7.6
TX_1,SYNTH_008,1015,7.6
TX_1,SYNTH_008,1016,7.6
TX_1,SYNTH_008,1017,7.6
TX_1,SYNTH_008,1018,7.6
TX_1,SYNTH_008,1019,7.6
TX_1,SYNTH_008,1020,7.6
TX_1,SYNTH_008,1021,7.6
TX_1,SYNTH_008,1022,7.6
TX_1,SYNTH_008,1023,7.6
TX_1,SYNTH_008,1024,7.6
TX_1,SYNTH_008,1025,7.6
TX_1,SYNTH_008,1026,7.6
TX_1,SYNTH_008,1027,7.6
TX_1,SYNTH_008,1028,7.6
TX_1,SYNTH_008,1029,7.6
TX_1,SYNTH_008,1030,7.6
TX_1,SYNTH_008,1031,7.6
TX_1,SYNTH_008,1032,7.6
TX_1,SYNTH_008,1033,7.6
TX_1,SYNTH_008,1034,7.6
TX_1,SYNTH_008,1035,7.6
TX_1,SYNTH_008,1036,7.6
TX_1,SYNTH_008,1037,7.6
TX_1,SYNTH_008,1038,7.6
TX_1,SYNTH_008,1039,7.6
TX_1,SYNTH_008,1040,7.6
TX_1,SYNTH_008,1041,7.6
TX_1,SYNTH_008,1042,7.6
TX_1,SYNTH_008,1043,7.6
TX_1,SYNTH_008,1044,7.6
TX_1,SYNTH_008,1045,7.6
TX_1,SYNTH_008,1046,7.6
TX_1,SYNTH_008,1047,7.6
TX_1,SYNTH_008,1048,7.6
TX_1,SYNTH_008,1049,7.6
TX_1,SYNTH_008,1050,7.6
TX_1,SYNTH_008,1051,7.6
TX_1,SYNTH_008,1052,7.6
TX_1,SYNTH_008,1053,7.6
TX_1,SYNTH_008,1054,7.6
TX_1,SYNTH_008,1055,7.6
TX_1,SYNTH_008,1056,7.6
TX_1,SYNTH_008,1057,7.6
TX_1,SYNTH_008,1058,7.6
TX_1,SYNTH_008,1059,7.6
TX_1,SYNTH_008,1060,7.6
TX_1,SYNTH_008,1061,7.6
TX_1,SYNTH_008,1062,7.6
TX_1,SYNTH_008,1063,7.6
TX_1,SYNTH_008,1064,7.6
TX_1,SYNTH_008,1065,7.6
TX_1,SYNTH_008,1066,7.6
TX_1,SYNTH_008,1067,7.6
TX_1,SYNTH_008,1068,7.6
TX_1,SYNTH_008,1069,7.6
TX_1,SYNTH_008,1070,7.6
TX_1,SYNTH_008,1071,7.6
TX_1,SYNTH_008,1072,7.6
TX_1,SYNTH_008,1073,7.6
TX_1,SYNTH_008,1074,7.6
TX_1,SYNTH_008,1075,7.6
TX_1,SYNTH_008,1076,7.6
TX_1,SYNTH_008,1077,7.6
TX_1,SYNTH_008,1078,7.6
TX_1,SYNTH_008,1079,7.6
TX_1,SYNTH_008,1080,7.6
TX_1,SYNTH_008,1081,7.6
TX_1,SYNTH_008,1082,7.6
TX_1,SYNTH_008,1083,7.6
TX_1,SYNTH_008,1084,7.6
TX_1,SYNTH_008,1085,7.6
TX_1,SYNTH_008,1086,7.6
TX_1,SYNTH_008,1087,7.6
TX_1,SYNTH_008,1088,7.6
TX_1,SYNTH_008,1089,7.6
TX_1,SYNTH_008,1090,7.6
TX_1,SYNTH_008,1091,7.6
TX_1,SYNTH_008,1092,7.6
TX_1,SYNTH_008,1093,7.6
TX_1,SYNTH_008,1094,7.6
TX_1,SYNTH_008,1095,7.6
TX_1,SYNTH_008,1096,7.6
TX_1,SYNTH_008,1097,7.6
TX_1,SYNTH_008,1098,7.6
TX_1,SYNTH_008,1099,7.6
TX_1,SYNTH_008,1100,7.6
TX_1,SYNTH_008,1101,7.6
TX_1,SYNTH_008,1102,7.6
TX_1,SYNTH_009,1000,8.3
TX_1,SYNTH_009,1001,8.3
TX_1,SYNTH_009,1002,8.3
TX_1,SYNTH_009,1003,8.3
TX_1,SYNTH_009,1004,8.3
TX_1,SYNTH_009,1005,8.3
TX_1,SYNTH_009,1006,8.3
TX_1,SYNTH_009,1007,8.3
TX_1,SYNTH_009,1008,8.3
TX_1,SYNTH_009,1009,8.3
TX_1,SYNTH_009,1010,8.3
TX_1,SYNTH_009,1011,8.3
TX_1,SYNTH_009,1012,8.3
TX_1,SYNTH_009,1013,8.3
TX_1,SYNTH_009,1014,8.3
TX_1,SYNTH_009,1015,8.3
TX_1,SYNTH_009,1016,8.3
TX_1,SYNTH_009,1017,8.3
TX_1,SYNTH_009,1018,8.3
TX_1,SYNTH_009,1019,8.3
TX_1,SYNTH_009,1020,8.3
TX_1,SYNTH_009,1021,8.3
TX_1,SYNTH_009,1022,8.3
TX_1,SYNTH_009,1023,8.3
TX_1,SYNTH_009,1024,8.3
TX_1,SYNTH_009,1025,8.3
TX_1,SYNTH_009,1026,8.3
TX_1,SYNTH_009,1027,8.3
TX_1,SYNTH_009,1028,8.3
TX_1,SYNTH_009,1029,8.3
TX_1,SYNTH_009,1030,8.3
TX_1,SYNTH_009,1031,8.3
TX_1,SYNTH_009,1032,8.3
TX_1,SYNTH_009,1033,8.3
TX_1,SYNTH_009,1034,8.3
TX_1,SYNTH_009,1035,8.3
TX_1,SYNTH_009,1036,8.3
TX_1,SYNTH_009,1037,8.3
TX_1,SYNTH_009,1038,8.3
TX_1,SYNTH_009,1039,8.3
TX_1,SYNTH_009,1040,8.3
TX_1,SYNTH_009,1041,8.3
TX_1,SYNTH_009,1042,8.3
TX_1,SYNTH_009,1043,8.3
TX_1,SYNTH_009,1044,8.3
TX_1,SYNTH_009,1045,8.3
TX_1,SYNTH_009,1046,8.3
TX_1,SYNTH_009,1047,8.3
TX_1,SYNTH_009,1048,8.3
TX_1,SYNTH_009,1049,8.3
TX_1,SYNTH_009,1050,8.3
TX_1,SYNTH_009,1051,8.3
TX_1,SYNTH_009,1052,8.3
TX_1,SYNTH_009,1053,8.3
TX_1,SYNTH_009,1054,8.3
TX_1,SYNTH_009,1055,8.3
TX_1,SYNTH_009,1056,8.3
TX_1,SYNTH_009,1057,8.3
TX_1,SYNTH_009,1058,8.3
TX_1,SYNTH_009,1059,8.3
TX_1,SYNTH_009,1060,8.3
TX_1,SYNTH_009,1061,8.3
TX_1,SYNTH_009,1062,8.3
TX_1,SYNTH_009,1063,8.3
TX_1,SYNTH_009,1064,8.3
TX_1,SYNTH_009,1065,8.3
TX_1,SYNTH_009,1066,8.3
TX_1,SYNTH_009,1067,8.3
TX_1,SYNTH_009,1068,8.3
TX_1,SYNTH_009,1069,8.3
TX_1,SYNTH_009,1070,8.3
TX_1,SYNTH_009,1071,8.3
TX_1,SYNTH_009,1072,8.3
TX_1,SYNTH_009,1073,8.3
TX_1,SYNTH_009,1074,8.3
TX_1,SYNTH_009,1075,8.3
TX_1,SYNTH_009,1076,8.3
TX_1,SYNTH_009,1077,8.3
TX_1,SYNTH_009,1078,8.3
TX_1,SYNTH_009,1079,8.3
TX_1,SYNTH_009,1080,8.3
TX_1,SYNTH_009,1081,8.3
TX_1,SYNTH_009,1082,8.3
TX_1,SYNTH_009,1083,8.3
TX_1,SYNTH_009,1084,8.3
TX_1,SYNTH_009,1085,8.3
TX_1,SYNTH_009,1086,8.3
TX_1,SYNTH_009,1087,8.3
TX_1,SYNTH_009,1088,8.3
TX_1,SYNTH_009,1089,8.3
TX_1,SYNTH_009,1090,8.3
TX_1,SYNTH_009,1091,8.3
TX_1,SYNTH_009,1092,8.3
TX_1,SYNTH_009,1093,8.3
TX_1,SYNTH_009,1094,8.3
TX_1,SYNTH_009,1095,8.3
TX_1,SYNTH_009,1096,8.3
TX_1,SYNTH_009,1097,8.3
TX_1,SYNTH_009,1098,8.3
TX_1,SYNTH_009,1099,8.3
TX_1,SYNTH_009,1100,8.3
TX_1,SYNTH_009,1101,8.3
TX_1,SYNTH_009,1102,8.3
TX_1,SYNTH_010,1000,9.0
TX_1,SYNTH_010,1001,9.0
TX_1,SYNTH_010,1002,9.0
TX_1,SYNTH_010,1003,9.0
TX_1,SYNTH_010,1004,9.0
TX_1,SYNTH_010,1005,9.0
TX_1,SYNTH_010,1006,9.0
TX_1,SYNTH_010,1007,9.0
TX_1,SYNTH_010,1008,9.0
TX_1,SYNTH_010,1009,9.0
TX_1,SYNTH_010,1010,9.0
TX_1,SYNTH_010,1011,9.0
TX_1,SYNTH_010,1012,9.0
TX_1,SYNTH_010,1013,9.0
TX_1,SYNTH_010,1014,9.0
TX_1,SYNTH_010,1015,9.0
TX_1,SYNTH_010,1016,9.0
TX_1,SYNTH_010,1017,9.0
TX_1,SYNTH_010,1018,9.0
TX_1,SYNTH_010,1019,9.0
TX_1,SYNTH_010,1020,9.0
TX_1,SYNTH_010,1021,9.0
TX_1,SYNTH_010,1022,9.0
TX_1,SYNTH_010,1023,9.0
TX_1,SYNTH_010,1024,9.0
TX_1,SYNTH_010,1025,9.0
TX_1,SYNTH_010,1026,9.0
TX_1,SYNTH_010,1027,9.0
TX_1,SYNTH_010,1028,9.0
TX_1,SYNTH_010,1029,9.0
TX_1,SYNTH_010,1030,9.0
TX_1,SYNTH_010,1031,9.0
TX_1,SYNTH_010,1032,9.0
TX_1,SYNTH_010,1033,9.0
TX_1,SYNTH_010,1034,9.0
TX_1,SYNTH_010,1035,9.0
TX_1,SYNTH_010,1036,9.0
TX_1,SYNTH_010,1037,9.0
TX_1,SYNTH_010,1038,9.0
TX_1,SYNTH_010,1039,9.0
TX_1,SYNTH_010,1040,9.0
TX_1,SYNTH_010,1041,9.0
TX_1,SYNTH_010,1042,9.0
TX_1,SYNTH_010,1043,9.0
TX_1,SYNTH_010,1044,9.0
TX_1,SYNTH_010,1045,9.0
TX_1,SYNTH_010,1046,9.0
TX_1,SYNTH_010,1047,9.0
TX_1,SYNTH_010,1048,9.0
TX_1,SYNTH_010,1049,9.0
TX_1,SYNTH_010,1050,9.0
TX_1,SYNTH_010,1051,9.0
TX_1,SYNTH_010,1052,9.0
TX_1,SYNTH_010,1053,9.0
TX_1,SYNTH_010,1054,9.0
TX_1,SYNTH_010,1055,9.0
TX_1,SYNTH_010,1056,9.0
TX_1,SYNTH_010,1057,9.0
TX_1,SYNTH_010,1058,9.0
TX_1,SYNTH_010,1059,9.0
TX_1,SYNTH_010,1060,9.0
TX_1,SYNTH_010,1061,9.0
TX_1,SYNTH_010,1062,9.0
TX_1,SYNTH_010,1063,9.0
TX_1,SYNTH_010,1064,9.0
TX_1,SYNTH_010,1065,9.0
TX_1,SYNTH_010,1066,9.0
TX_1,SYNTH_010,1067,9.0
TX_1,SYNTH_010,1068,9.0
TX_1,SYNTH_010,1069,9.0
TX_1,SYNTH_010,1070,9.0
TX_1,SYNTH_010,1071,9.0
TX_1,SYNTH_010,1072,9.0
TX_1,SYNTH_010,1073,9.0
TX_1,SYNTH_010,1074,9.0
TX_1,SYNTH_010,1075,9.0
TX_1,SYNTH_010,1076,9.0
TX_1,SYNTH_010,1077,9.0
TX_1,SYNTH_010,1078,9.0
TX_1,SYNTH_010,1079,9.0
TX_1,SYNTH_010,1080,9.0
TX_1,SYNTH_010,1081,9.0
TX_1,SYNTH_010,1082,9.0
TX_1,SYNTH_010,1083,9.0
TX_1,SYNTH_010,1084,9.0
TX_1,SYNTH_010,1085,9.0
TX_1,SYNTH_010,1086,9.0
TX_1,SYNTH_010,1087,9.0
TX_1,SYNTH_010,1088,9.0
TX_1,SYNTH_010,1089,9.0
TX_1,SYNTH_010,1090,9.0
TX_1,SYNTH_010,1091,9.0
TX_1,SYNTH_010,1092,9.0
TX_1,SYNTH_010,1093,9.0
TX_1,SYNTH_010,1094,9.0
TX_1,SYNTH_010,1095,9.0
TX_1,SYNTH_010,1096,9.0
TX_1,SYNTH_010,1097,9.0
TX_1,SYNTH_010,1098,9.0
TX_1,SYNTH_010,1099,9.0
TX_1,SYNTH_010,1100,9.0
TX_1,SYNTH_010,1101,9.0
TX_1,SYNTH_010,1102,9.0
TX_1,SYNTH_011,1000,9.7
TX_1,SYNTH_011,1001,9.7
TX_1,SYNTH_011,1002,9.7
TX_1,SYNTH_011,1003,9.7
TX_1,SYNTH_011,1004,9.7
TX_1,SYNTH_011,1005,9.7
TX_1,SYNTH_011,1006,9.7
TX_1,SYNTH_011,1007,9.7
TX_1,SYNTH_011,1008,9.7
TX_1,SYNTH_011,1009,9.7
TX_1,SYNTH_011,1010,9.7
TX_1,SYNTH_011,1011,9.7
TX_1,SYNTH_011,1012,9.7
TX_1,SYNTH_011,1013,9.7
TX_1,SYNTH_011,1014,9.7
TX_1,SYNTH_011,1015,9.7
TX_1,SYNTH_011,1016,9.7
TX_1,SYNTH_011,1017,9.7
TX_1,SYNTH_011,1018,9.7
TX_1,SYNTH_011,1019,9.7
TX_1,SYNTH_011,1020,9.7
TX_1,SYNTH_011,1021,9.7
TX_1,SYNTH_011,1022,9.7
TX_1,SYNTH_011,1023,9.7
TX_1,SYNTH_011,1024,9.7
TX_1,SYNTH_011,1025,9.7
TX_1,SYNTH_011,1026,9.7
TX_1,SYNTH_011,1027,9.7
TX_1,SYNTH_011,1028,9.7
TX_1,SYNTH_011,1029,9.7
TX_1,SYNTH_011,1030,9.7
TX_1,SYNTH_011,1031,9.7
TX_1,SYNTH_011,1032,9.7
TX_1,SYNTH_011,1033,9.7
TX_1,SYNTH_011,1034,9.7
TX_1,SYNTH_011,1035,9.7
TX_1,SYNTH_011,1036,9.7
TX_1,SYNTH_011,1037,9.7
TX_1,SYNTH_011,1038,9.7
TX_1,SYNTH_011,1039,9.7
TX_1,SYNTH_011,1040,9.7
TX_1,SYNTH_011,1041,9.7
TX_1,SYNTH_011,1042,9.7
TX_1,SYNTH_011,1043,9.7
TX_1,SYNTH_011,1044,9.7
TX_1,SYNTH_011,1045,9.7
TX_1,SYNTH_011,1046,9.7
TX_1,SYNTH_011,1047,9.7
TX_1,SYNTH_011,1048,9.7
TX_1,SYNTH_011,1049,9.7
TX_1,SYNTH_011,1050,9.7
TX_1,SYNTH_011,1051,9.7
TX_1,SYNTH_011,1052,9.7
TX_1,SYNTH_011,1053,9.7
TX_1,SYNTH_011,1054,9.7
TX_1,SYNTH_011,1055,9.7
TX_1,SYNTH_011,1056,9.7
TX_1,SYNTH_011,1057,9.7
TX_1,SYNTH_011,1058,9.7
TX_1,SYNTH_011,1059,9.7
TX_1,SYNTH_011,1060,9.7
TX_1,SYNTH_011,1061,9.7
TX_1,SYNTH_011,1062,9.7
TX_1,SYNTH_011,1063,9.7
TX_1,SYNTH_011,1064,9.7
TX_1,SYNTH_011,1065,9.7
TX_1,SYNTH_011,1066,9.7
TX_1,SYNTH_011,1067,9.7
TX_1,SYNTH_011,1068,9.7
TX_1,SYNTH_011,1069,9.7
TX_1,SYNTH_011,1070,9.7
TX_1,SYNTH_011,1071,9.7
TX_1,SYNTH_011,1072,9.7
TX_1,SYNTH_011,1073,9.7
TX_1,SYNTH_011,1074,9.7
TX_1,SYNTH_011,1075,9.7
TX_1,SYNTH_011,1076,9.7
TX_1,SYNTH_011,1077,9.7
TX_1,SYNTH_011,1078,9.7
TX_1,SYNTH_011,1079,9.7
TX_1,SYNTH_011,1080,9.7
TX_1,SYNTH_011,1081,9.7
TX_1,SYNTH_011,1082,9.7
TX_1,SYNTH_011,1083,9.7
TX_1,SYNTH_011,1084,9.7
TX_1,SYNTH_011,1085,9.7
TX_1,SYNTH_011,1086,9.7
TX_1,SYNTH_011,1087,9.7
TX_1,SYNTH_011,1088,9.7
TX_1,SYNTH_011,1089,9.7
TX_1,SYNTH_011,1090,9.7
TX_1,SYNTH_011,1091,9.7
TX_1,SYNTH_011,1092,9.7
TX_1,SYNTH_011,1093,9.7
TX_1,SYNTH_011,1094,9.7
TX_1,SYNTH_011,1095,9.7
TX_1,SYNTH_011,1096,9.7
TX_1,SYNTH_011,1097,9.7
TX_1,SYNTH_011,1098,9.7
TX_1,SYNTH_011,1099,9.7
TX_1,SYNTH_011,1100,9.7
TX_1,SYNTH_011,1101,9.7
TX_1,SYNTH_011,1102,9.7
TX_1,SYNTH_012,1000,10.399999999999999
TX_1,SYNTH_012,1001,10.399999999999999
TX_1,SYNTH_012,1002,10.399999999999999
TX_1,SYNTH_012,1003,10.399999999999999
TX_1,SYNTH_012,1004,10.399999999999999
TX_1,SYNTH_012,1005,10.399999999999999
TX_1,SYNTH_012,1006,10.399999999999999
TX_1,SYNTH_012,1007,10.399999999999999
TX_1,SYNTH_012,1008,10.399999999999999
TX_1,SYNTH_012,1009,10.399999999999999
TX_1,SYNTH_012,1010,10.399999999999999
TX_1,SYNTH_012,1011,10.399999999999999
TX_1,SYNTH_012,1012,10.399999999999999
TX_1,SYNTH_012,1013,10.399999999999999
TX_1,SYNTH_012,1014,10.399999999999999
TX_1,SYNTH_012,1015,10.399999999999999
TX_1,SYNTH_012,1016,10.399999999999999
TX_1,SYNTH_012,1017,10.399999999999999
TX_1,SYNTH_012,1018,10.399999999999999
TX_1,SYNTH_012,1019,10.399999999999999
TX_1,SYNTH_012,1020,10.399999999999999
TX_1,SYNTH_012,1021,10.399999999999999
TX_1,SYNTH_012,1022,10.399999999999999
TX_1,SYNTH_012,1023,10.399999999999999
TX_1,SYNTH_012,1024,10.399999999999999
TX_1,SYNTH_012,1025,10.399999999999999
TX_1,SYNTH_012,1026,10.399999999999999
TX_1,SYNTH_012,1027,10.399999999999999
TX_1,SYNTH_012,1028,10.399999999999999
TX_1,SYNTH_012,1029,10.399999999999999
TX_1,SYNTH_012,1030,10.399999999999999
TX_1,SYNTH_012,1031,10.399999999999999
TX_1,SYNTH_012,1032,10.399999999999999
TX_1,SYNTH_012,1033,10.399999999999999
TX_1,SYNTH_012,1034,10.399999999999999
TX_1,SYNTH_012,1035,10.399999999999999
TX_1,SYNTH_012,1036,10.399999999999999
TX_1,SYNTH_012,1037,10.399999999999999
TX_1,SYNTH_012,1038,10.399999999999999
TX_1,SYNTH_012,1039,10.399999999999999
TX_1,SYNTH_012,1040,10.399999999999999
TX_1,SYNTH_012,1041,10.399999999999999
TX_1,SYNTH_012,1042,10.399999999999999
TX_1,SYNTH_012,1043,10.399999999999999
TX_1,SYNTH_012,1044,10.399999999999999
TX_1,SYNTH_012,1045,10.399999999999999
TX_1,SYNTH_012,1046,10.399999999999999
TX_1,SYNTH_012,1047,10.399999999999999
TX_1,SYNTH_012,1048,10.399999999999999
TX_1,SYNTH_012,1049,10.399999999999999
TX_1,SYNTH_012,1050,10.399999999999999
TX_1,SYNTH_012,1051,10.399999999999999
TX_1,SYNTH_012,1052,10.399999999999999
TX_1,SYNTH_012,1053,10.399999999999999
TX_1,SYNTH_012,1054,10.399999999999999
TX_1,SYNTH_012,1055,10.399999999999999
TX_1,SYNTH_012,1056,10.399999999999999
TX_1,SYNTH_012,1057,10.399999999999999
TX_1,SYNTH_012,1058,10.399999999999999
TX_1,SYNTH_012,1059,10.399999999999999
TX_1,SYNTH_012,1060,10.399999999999999
TX_1,SYNTH_012,1061,10.399999999999999
TX_1,SYNTH_012,1062,10.399999999999999
TX_1,SYNTH_012,1063,10.399999999999999
TX_1,SYNTH_012,1064,10.399999999999999
TX_1,SYNTH_012,1065,10.399999999999999
TX_1,SYNTH_012,1066,10.399999999999999
TX_1,SYNTH_012,1067,10.399999999999999
TX_1,SYNTH_012,1068,10.399999999999999
TX_1,SYNTH_012,1069,10.399999999999999
TX_1,SYNTH_012,1070,10.399999999999999
TX_1,SYNTH_012,1071,10.399999999999999
TX_1,SYNTH_012,1072,10.399999999999999
TX_1,SYNTH_012,1073,10.399999999999999
TX_1,SYNTH_012,1074,10.399999999999999
TX_1,SYNTH_012,1075,10.399999999999999
TX_1,SYNTH_012,1076,10.399999999999999
TX_1,SYNTH_012,1077,10.399999999999999
TX_1,SYNTH_012,1078,10.399999999999999
TX_1,SYNTH_012,1079,10.399999999999999
TX_1,SYNTH_012,1080,10.399999999999999
TX_1,SYNTH_012,1081,10.399999999999999
TX_1,SYNTH_012,1082,10.399999999999999
TX_1,SYNTH_012,1083,10.399999999999999
TX_1,SYNTH_012,1084,10.399999999999999
TX_1,SYNTH_012,1085,10.399999999999999
TX_1,SYNTH_012,1086,10.399999999999999
TX_1,SYNTH_012,1087,10.399999999999999
TX_1,SYNTH_012,1088,10.399999999999999
TX_1,SYNTH_012,1089,10.399999999999999
TX_1,SYNTH_012,1090,10.399999999999999
TX_1,SYNTH_012,1091,10.399999999999999
TX_1,SYNTH_012,1092,10.399999999999999
TX_1,SYNTH_012,1093,10.399999999999999
TX_1,SYNTH_012,1094,10.399999999999999
TX_1,SYNTH_012,1095,10.399999999999999
TX_1,SYNTH_012,1096,10.399999999999999
TX_1,SYNTH_012,1097,10.399999999999999
TX_1,SYNTH_012,1098,10.399999999999999
TX_1,SYNTH_012,1099,10.399999999999999
TX_1,SYNTH_012,1100,10.399999999999999
TX_1,SYNTH_012,1101,10.399999999999999
TX_1,SYNTH_012,1102,10.399999999999999
WI_1,SYNTH_001,1000,2.7
WI_1,SYNTH_001,1001,2.7
WI_1,SYNTH_001,1002,2.7
WI_1,SYNTH_001,1003,2.7
WI_1,SYNTH_001,1004,2.7
WI_1,SYNTH_001,1005,2.7
WI_1,SYNTH_001,1006,2.7
WI_1,SYNTH_001,1007,2.7
WI_1,SYNTH_001,1008,2.7
WI_1,SYNTH_001,1009,2.7
WI_1,SYNTH_001,1010,2.7
WI_1,SYNTH_001,1011,2.7
WI_1,SYNTH_001,1012,2.7
WI_1,SYNTH_001,1013,2.7
WI_1,SYNTH_001,1014,2.7
WI_1,SYNTH_001,1015,2.7
WI_1,SYNTH_001,1016,2.7
WI_1,SYNTH_001,1017,2.7
WI_1,SYNTH_001,1018,2.7
WI_1,SYNTH_001,1019,2.7
WI_1,SYNTH_001,1020,2.7
WI_1,SYNTH_001,1021,2.7
WI_1,SYNTH_001,1022,2.7
WI_1,SYNTH_001,1023,2.7
WI_1,SYNTH_001,1024,2.7
WI_1,SYNTH_001,1025,2.7
WI_1,SYNTH_001,1026,2.7
WI_1,SYNTH_001,1027,2.7
WI_1,SYNTH_001,1028,2.7
WI_1,SYNTH_001,1029,2.7
WI_1,SYNTH_001,1030,2.7
WI_1,SYNTH_001,1031,2.7
WI_1,SYNTH_001,1032,2.7
WI_1,SYNTH_001,1033,2.7
WI_1,SYNTH_001,1034,2.7
WI_1,SYNTH_001,1035,2.7
WI_1,SYNTH_001,1036,2.7
WI_1,SYNTH_001,1037,2.7
WI_1,SYNTH_001,1038,2.7
WI_1,SYNTH_001,1039,2.7
WI_1,SYNTH_001,1040,2.7
WI_1,SYNTH_001,1041,2.7
WI_1,SYNTH_001,1042,2.7
WI_1,SYNTH_001,1043,2.7
WI_1,SYNTH_001,1044,2.7
WI_1,SYNTH_001,1045,2.7
WI_1,SYNTH_001,1046,2.7
WI_1,SYNTH_001,1047,2.7
WI_1,SYNTH_001,1048,2.7
WI_1,SYNTH_001,1049,2.7
WI_1,SYNTH_001,1050,2.7
WI_1,SYNTH_001,1051,2.7
WI_1,SYNTH_001,1052,2.7
WI_1,SYNTH_001,1053,2.7
WI_1,SYNTH_001,1054,2.7
WI_1,SYNTH_001,1055,2.7
WI_1,SYNTH_001,1056,2.7
WI_1,SYNTH_001,1057,2.7
WI_1,SYNTH_001,1058,2.7
WI_1,SYNTH_001,1059,2.7
WI_1,SYNTH_001,1060,2.7
WI_1,SYNTH_001,1061,2.7
WI_1,SYNTH_001,1062,2.7
WI_1,SYNTH_001,1063,2.7
WI_1,SYNTH_001,1064,2.7
WI_1,SYNTH_001,1065,2.7
WI_1,SYNTH_001,1066,2.7
WI_1,SYNTH_001,1067,2.7
WI_1,SYNTH_001,1068,2.7
WI_1,SYNTH_001,1069,2.7
WI_1,SYNTH_001,1070,2.7
WI_1,SYNTH_001,1071,2.7
WI_1,SYNTH_001,1072,2.7
WI_1,SYNTH_001,1073,2.7
WI_1,SYNTH_001,1074,2.7
WI_1,SYNTH_001,1075,2.7
WI_1,SYNTH_001,1076,2.7
WI_1,SYNTH_001,1077,2.7
WI_1,SYNTH_001,1078,2.7
WI_1,SYNTH_001,1079,2.7
WI_1,SYNTH_001,1080,2.7
WI_1,SYNTH_001,1081,2.7
WI_1,SYNTH_001,1082,2.7
WI_1,SYNTH_001,1083,2.7
WI_1,SYNTH_001,1084,2.7
WI_1,SYNTH_001,1085,2.7
WI_1,SYNTH_001,1086,2.7
WI_1,SYNTH_001,1087,2.7
WI_1,SYNTH_001,1088,2.7
WI_1,SYNTH_001,1089,2.7
WI_1,SYNTH_001,1090,2.7
WI_1,SYNTH_001,1091,2.7
WI_1,SYNTH_001,1092,2.7
WI_1,SYNTH_001,1093,2.7
WI_1,SYNTH_001,1094,2.7
WI_1,SYNTH_001,1095,2.7
WI_1,SYNTH_001,1096,2.7
WI_1,SYNTH_001,1097,2.7
WI_1,SYNTH_001,1098,2.7
WI_1,SYNTH_001,1099,2.7
WI_1,SYNTH_001,1100,2.7
WI_1,SYNTH_001,1101,2.7
WI_1,SYNTH_001,1102,2.7
WI_1,SYNTH_002,1000,3.4
WI_1,SYNTH_002,1001,3.4
WI_1,SYNTH_002,1002,3.4
WI_1,SYNTH_002,1003,3.4
WI_1,SYNTH_002,1004,3.4
WI_1,SYNTH_002,1005,3.4
WI_1,SYNTH_002,1006,3.4
WI_1,SYNTH_002,1007,3.4
WI_1,SYNTH_002,1008,3.4
WI_1,SYNTH_002,1009,3.4
WI_1,SYNTH_002,1010,3.4
WI_1,SYNTH_002,1011,3.4
WI_1,SYNTH_002,1012,3.4
WI_1,SYNTH_002,1013,3.4
WI_1,SYNTH_002,1014,3.4
WI_1,SYNTH_002,1015,3.4
WI_1,SYNTH_002,1016,3.4
WI_1,SYNTH_002,1017,3.4
WI_1,SYNTH_002,1018,3.4
WI_1,SYNTH_002,1019,3.4
WI_1,SYNTH_002,1020,3.4
WI_1,SYNTH_002,1021,3.4
WI_1,SYNTH_002,1022,3.4
WI_1,SYNTH_002,1023,3.4
WI_1,SYNTH_002,1024,3.4
WI_1,SYNTH_002,1025,3.4
WI_1,SYNTH_002,1026,3.4
WI_1,SYNTH_002,1027,3.4
WI_1,SYNTH_002,1028,3.4
WI_1,SYNTH_002,1029,3.4
WI_1,SYNTH_002,1030,3.4
WI_1,SYNTH_002,1031,3.4
WI_1,SYNTH_002,1032,3.4
WI_1,SYNTH_002,1033,3.4
WI_1,SYNTH_002,1034,3.4
WI_1,SYNTH_002,1035,3.4
WI_1,SYNTH_002,1036,3.4
WI_1,SYNTH_002,1037,3.4
WI_1,SYNTH_002,1038,3.4
WI_1,SYNTH_002,1039,3.4
WI_1,SYNTH_002,1040,3.4
WI_1,SYNTH_002,1041,3.4
WI_1,SYNTH_002,1042,3.4
WI_1,SYNTH_002,1043,3.4
WI_1,SYNTH_002,1044,3.4
WI_1,SYNTH_002,1045,3.4
WI_1,SYNTH_002,1046,3.4
WI_1,SYNTH_002,1047,3.4
WI_1,SYNTH_002,1048,3.4
WI_1,SYNTH_002,1049,3.4
WI_1,SYNTH_002,1050,3.4
WI_1,SYNTH_002,1051,3.4
WI_1,SYNTH_002,1052,3.4
WI_1,SYNTH_002,1053,3.4
WI_1,SYNTH_002,1054,3.4
WI_1,SYNTH_002,1055,3.4
WI_1,SYNTH_002,1056,3.4
WI_1,SYNTH_002,1057,3.4
WI_1,SYNTH_002,1058,3.4
WI_1,SYNTH_002,1059,3.4
WI_1,SYNTH_002,1060,3.4
WI_1,SYNTH_002,1061,3.4
WI_1,SYNTH_002,1062,3.4
WI_1,SYNTH_002,1063,3.4
WI_1,SYNTH_002,1064,3.4
WI_1,SYNTH_002,1065,3.4
WI_1,SYNTH_002,1066,3.4
WI_1,SYNTH_002,1067,3.4
WI_1,SYNTH_002,1068,3.4
WI_1,SYNTH_002,1069,3.4
WI_1,SYNTH_002,1070,3.4
WI_1,SYNTH_002,1071,3.4
WI_1,SYNTH_002,1072,3.4
WI_1,SYNTH_002,1073,3.4
WI_1,SYNTH_002,1074,3.4
WI_1,SYNTH_002,1075,3.4
WI_1,SYNTH_002,1076,3.4
WI_1,SYNTH_002,1077,3.4
WI_1,SYNTH_002,1078,3.4
WI_1,SYNTH_002,1079,3.4
WI_1,SYNTH_002,1080,3.4
WI_1,SYNTH_002,1081,3.4
WI_1,SYNTH_002,1082,3.4
WI_1,SYNTH_002,1083,3.4
WI_1,SYNTH_002,1084,3.4
WI_1,SYNTH_002,1085,3.4
WI_1,SYNTH_002,1086,3.4
WI_1,SYNTH_002,1087,3.4
WI_1,SYNTH_002,1088,3.4
WI_1,SYNTH_002,1089,3.4
WI_1,SYNTH_002,1090,3.4
WI_1,SYNTH_002,1091,3.4
WI_1,SYNTH_002,1092,3.4
WI_1,SYNTH_002,1093,3.4
WI_1,SYNTH_002,1094,3.4
WI_1,SYNTH_002,1095,3.4
WI_1,SYNTH_002,1096,3.4
WI_1,SYNTH_002,1097,3.4
WI_1,SYNTH_002,1098,3.4
WI_1,SYNTH_002,1099,3.4
WI_1,SYNTH_002,1100,3.4
WI_1,SYNTH_002,1101,3.4
WI_1,SYNTH_002,1102,3.4
WI_1,SYNTH_003,1000,4.1
WI_1,SYNTH_003,1001,4.1
WI_1,SYNTH_003,1002,4.1
WI_1,SYNTH_003,1003,4.1
WI_1,SYNTH_003,1004,4.1
WI_1,SYNTH_003,1005,4.1
WI_1,SYNTH_003,1006,4.1
WI_1,SYNTH_003,1007,4.1
WI_1,SYNTH_003,1008,4.1
WI_1,SYNTH_003,1009,4.1
WI_1,SYNTH_003,1010,4.1
WI_1,SYNTH_003,1011,4.1
WI_1,SYNTH_003,1012,4.1
WI_1,SYNTH_003,1013,4.1
WI_1,SYNTH_003,1014,4.1
WI_1,SYNTH_003,1015,4.1
WI_1,SYNTH_003,1016,4.1
WI_1,SYNTH_003,1017,4.1
WI_1,SYNTH_003,1018,4.1
WI_1,SYNTH_003,1019,4.1
WI_1,SYNTH_003,1020,4.1
WI_1,SYNTH_003,1021,4.1
WI_1,SYNTH_003,1022,4.1
WI_1,SYNTH_003,1023,4.1
WI_1,SYNTH_003,1024,4.1
WI_1,SYNTH_003,1025,4.1
WI_1,SYNTH_003,1026,4.1
WI_1,SYNTH_003,1027,4.1
WI_1,SYNTH_003,1028,4.1
WI_1,SYNTH_003,1029,4.1
WI_1,SYNTH_003,1030,4.1
WI_1,SYNTH_003,1031,4.1
WI_1,SYNTH_003,1032,4.1
WI_1,SYNTH_003,1033,4.1
WI_1,SYNTH_003,1034,4.1
WI_1,SYNTH_003,1035,4.1
WI_1,SYNTH_003,1036,4.1
WI_1,SYNTH_003,1037,4.1
WI_1,SYNTH_003,1038,4.1
WI_1,SYNTH_003,1039,4.1
WI_1,SYNTH_003,1040,4.1
WI_1,SYNTH_003,1041,4.1
WI_1,SYNTH_003,1042,4.1
WI_1,SYNTH_003,1043,4.1
WI_1,SYNTH_003,1044,4.1
WI_1,SYNTH_003,1045,4.1
WI_1,SYNTH_003,1046,4.1
WI_1,SYNTH_003,1047,4.1
WI_1,SYNTH_003,1048,4.1
WI_1,SYNTH_003,1049,4.1
WI_1,SYNTH_003,1050,4.1
WI_1,SYNTH_003,1051,4.1
WI_1,SYNTH_003,1052,4.1
WI_1,SYNTH_003,1053,4.1
WI_1,SYNTH_003,1054,4.1
WI_1,SYNTH_003,1055,4.1
WI_1,SYNTH_003,1056,4.1
WI_1,SYNTH_003,1057,4.1
WI_1,SYNTH_003,1058,4.1
WI_1,SYNTH_003,1059,4.1
WI_1,SYNTH_003,1060,4.1
WI_1,SYNTH_003,1061,4.1
WI_1,SYNTH_003,1062,4.1
WI_1,SYNTH_003,1063,4.1
WI_1,SYNTH_003,1064,4.1
WI_1,SYNTH_003,1065,4.1
WI_1,SYNTH_003,1066,4.1
WI_1,SYNTH_003,1067,4.1
WI_1,SYNTH_003,1068,4.1
WI_1,SYNTH_003,1069,4.1
WI_1,SYNTH_003,1070,4.1
WI_1,SYNTH_003,1071,4.1
WI_1,SYNTH_003,1072,4.1
WI_1,SYNTH_003,1073,4.1
WI_1,SYNTH_003,1074,4.1
WI_1,SYNTH_003,1075,4.1
WI_1,SYNTH_003,1076,4.1
WI_1,SYNTH_003,1077,4.1
WI_1,SYNTH_003,1078,4.1
WI_1,SYNTH_003,1079,4.1
WI_1,SYNTH_003,1080,4.1
WI_1,SYNTH_003,1081,4.1
WI_1,SYNTH_003,1082,4.1
WI_1,SYNTH_003,1083,4.1
WI_1,SYNTH_003,1084,4.1
WI_1,SYNTH_003,1085,4.1
WI_1,SYNTH_003,1086,4.1
WI_1,SYNTH_003,1087,4.1
WI_1,SYNTH_003,1088,4.1
WI_1,SYNTH_003,1089,4.1
WI_1,SYNTH_003,1090,4.1
WI_1,SYNTH_003,1091,4.1
WI_1,SYNTH_003,1092,4.1
WI_1,SYNTH_003,1093,4.1
WI_1,SYNTH_003,1094,4.1
WI_1,SYNTH_003,1095,4.1
WI_1,SYNTH_003,1096,4.1
WI_1,SYNTH_003,1097,4.1
WI_1,SYNTH_003,1098,4.1
WI_1,SYNTH_003,1099,4.1
WI_1,SYNTH_003,1100,4.1
WI_1,SYNTH_003,1101,4.1
WI_1,SYNTH_003,1102,4.1
WI_1,SYNTH_004,1000,4.8
WI_1,SYNTH_004,1001,4.8
WI_1,SYNTH_004,1002,4.8
WI_1,SYNTH_004,1003,4.8
WI_1,SYNTH_004,1004,4.8
WI_1,SYNTH_004,1005,4.8
WI_1,SYNTH_004,1006,4.8
WI_1,SYNTH_004,1007,4.8
WI_1,SYNTH_004,1008,4.8
WI_1,SYNTH_004,1009,4.8
WI_1,SYNTH_004,1010,4.8
WI_1,SYNTH_004,1011,4.8
WI_1,SYNTH_004,1012,4.8
WI_1,SYNTH_004,1013,4.8
WI_1,SYNTH_004,1014,4.8
WI_1,SYNTH_004,1015,4.8
WI_1,SYNTH_004,1016,4.8
WI_1,SYNTH_004,1017,4.8
WI_1,SYNTH_004,1018,4.8
WI_1,SYNTH_004,1019,4.8
WI_1,SYNTH_004,1020,4.8
WI_1,SYNTH_004,1021,4.8
WI_1,SYNTH_004,1022,4.8
WI_1,SYNTH_004,1023,4.8
WI_1,SYNTH_004,1024,4.8
WI_1,SYNTH_004,1025,4.8
WI_1,SYNTH_004,1026,4.8
WI_1,SYNTH_004,1027,4.8
WI_1,SYNTH_004,1028,4.8
WI_1,SYNTH_004,1029,4.8
WI_1,SYNTH_004,1030,4.8
WI_1,SYNTH_004,1031,4.8
WI_1,SYNTH_004,1032,4.8
WI_1,SYNTH_004,1033,4.8
WI_1,SYNTH_004,1034,4.8
WI_1,SYNTH_004,1035,4.8
WI_1,SYNTH_004,1036,4.8
WI_1,SYNTH_004,1037,4.8
WI_1,SYNTH_004,1038,4.8
WI_1,SYNTH_004,1039,4.8
WI_1,SYNTH_004,1040,4.8
WI_1,SYNTH_004,1041,4.8
WI_1,SYNTH_004,1042,4.8
WI_1,SYNTH_004,1043,4.8
WI_1,SYNTH_004,1044,4.8
WI_1,SYNTH_004,1045,4.8
WI_1,SYNTH_004,1046,4.8
WI_1,SYNTH_004,1047,4.8
WI_1,SYNTH_004,1048,4.8
WI_1,SYNTH_004,1049,4.8
WI_1,SYNTH_004,1050,4.8
WI_1,SYNTH_004,1051,4.8
WI_1,SYNTH_004,1052,4.8
WI_1,SYNTH_004,1053,4.8
WI_1,SYNTH_004,1054,4.8
WI_1,SYNTH_004,1055,4.8
WI_1,SYNTH_004,1056,4.8
WI_1,SYNTH_004,1057,4.8
WI_1,SYNTH_004,1058,4.8
WI_1,SYNTH_004,1059,4.8
WI_1,SYNTH_004,1060,4.8
WI_1,SYNTH_004,1061,4.8
WI_1,SYNTH_004,1062,4.8
WI_1,SYNTH_004,1063,4.8
WI_1,SYNTH_004,1064,4.8
WI_1,SYNTH_004,1065,4.8
WI_1,SYNTH_004,1066,4.8
WI_1,SYNTH_004,1067,4.8
WI_1,SYNTH_004,1068,4.8
WI_1,SYNTH_004,1069,4.8
WI_1,SYNTH_004,1070,4.8
WI_1,SYNTH_004,1071,4.8
WI_1,SYNTH_004,1072,4.8
WI_1,SYNTH_004,1073,4.8
WI_1,SYNTH_004,1074,4.8
WI_1,SYNTH_004,1075,4.8
WI_1,SYNTH_004,1076,4.8
WI_1,SYNTH_004,1077,4.8
WI_1,SYNTH_004,1078,4.8
WI_1,SYNTH_004,1079,4.8
WI_1,SYNTH_004,1080,4.8
WI_1,SYNTH_004,1081,4.8
WI_1,SYNTH_004,1082,4.8
WI_1,SYNTH_004,1083,4.8
WI_1,SYNTH_004,1084,4.8
WI_1,SYNTH_004,1085,4.8
WI_1,SYNTH_004,1086,4.8
WI_1,SYNTH_004,1087,4.8
WI_1,SYNTH_004,1088,4.8
WI_1,SYNTH_004,1089,4.8
WI_1,SYNTH_004,1090,4.8
WI_1,SYNTH_004,1091,4.8
WI_1,SYNTH_004,1092,4.8
WI_1,SYNTH_004,1093,4.8
WI_1,SYNTH_004,1094,4.8
WI_1,SYNTH_004,1095,4.8
WI_1,SYNTH_004,1096,4.8
WI_1,SYNTH_004,1097,4.8
WI_1,SYNTH_004,1098,4.8
WI_1,SYNTH_004,1099,4.8
WI_1,SYNTH_004,1100,4.8
WI_1,SYNTH_004,1101,4.8
WI_1,SYNTH_004,1102,4.8
WI_1,SYNTH_005,1000,5.5
WI_1,SYNTH_005,1001,5.5
WI_1,SYNTH_005,1002,5.5
WI_1,SYNTH_005,1003,5.5
WI_1,SYNTH_005,1004,5.5
WI_1,SYNTH_005,1005,5.5
WI_1,SYNTH_005,1006,5.5
WI_1,SYNTH_005,1007,5.5
WI_1,SYNTH_005,1008,5.5
WI_1,SYNTH_005,1009,5.5
WI_1,SYNTH_005,1010,5.5
WI_1,SYNTH_005,1011,5.5
WI_1,SYNTH_005,1012,5.5
WI_1,SYNTH_005,1013,5.5
WI_1,SYNTH_005,1014,5.5
WI_1,SYNTH_005,1015,5.5
WI_1,SYNTH_005,1016,5.5
WI_1,SYNTH_005,1017,5.5
WI_1,SYNTH_005,1018,5.5
WI_1,SYNTH_005,1019,5.5
WI_1,SYNTH_005,1020,5.5
WI_1,SYNTH_005,1021,5.5
WI_1,SYNTH_005,1022,5.5
WI_1,SYNTH_005,1023,5.5
WI_1,SYNTH_005,1024,5.5
WI_1,SYNTH_005,1025,5.5
WI_1,SYNTH_005,1026,5.5
WI_1,SYNTH_005,1027,5.5
WI_1,SYNTH_005,1028,5.5
WI_1,SYNTH_005,1029,5.5
WI_1,SYNTH_005,1030,5.5
WI_1,SYNTH_005,1031,5.5
WI_1,SYNTH_005,1032,5.5
WI_1,SYNTH_005,1033,5.5
WI_1,SYNTH_005,1034,5.5
WI_1,SYNTH_005,1035,5.5
WI_1,SYNTH_005,1036,5.5
WI_1,SYNTH_005,1037,5.5
WI_1,SYNTH_005,1038,5.5
WI_1,SYNTH_005,1039,5.5
WI_1,SYNTH_005,1040,5.5
WI_1,SYNTH_005,1041,5.5
WI_1,SYNTH_005,1042,5.5
WI_1,SYNTH_005,1043,5.5
WI_1,SYNTH_005,1044,5.5
WI_1,SYNTH_005,1045,5.5
WI_1,SYNTH_005,1046,5.5
WI_1,SYNTH_005,1047,5.5
WI_1,SYNTH_005,1048,5.5
WI_1,SYNTH_005,1049,5.5
WI_1,SYNTH_005,1050,5.5
WI_1,SYNTH_005,1051,5.5
WI_1,SYNTH_005,1052,5.5
WI_1,SYNTH_005,1053,5.5
WI_1,SYNTH_005,1054,5.5
WI_1,SYNTH_005,1055,5.5
WI_1,SYNTH_005,1056,5.5
WI_1,SYNTH_005,1057,5.5
WI_1,SYNTH_005,1058,5.5
WI_1,SYNTH_005,1059,5.5
WI_1,SYNTH_005,1060,5.5
WI_1,SYNTH_005,1061,5.5
WI_1,SYNTH_005,1062,5.5
WI_1,SYNTH_005,1063,5.5
WI_1,SYNTH_005,1064,5.5
WI_1,SYNTH_005,1065,5.5
WI_1,SYNTH_005,1066,5.5
WI_1,SYNTH_005,1067,5.5
WI_1,SYNTH_005,1068,5.5
WI_1,SYNTH_005,1069,5.5
WI_1,SYNTH_005,1070,5.5
WI_1,SYNTH_005,1071,5.5
WI_1,SYNTH_005,1072,5.5
WI_1,SYNTH_005,1073,5.5
WI_1,SYNTH_005,1074,5.5
WI_1,SYNTH_005,1075,5.5
WI_1,SYNTH_005,1076,5.5
WI_1,SYNTH_005,1077,5.5
WI_1,SYNTH_005,1078,5.5
WI_1,SYNTH_005,1079,5.5
WI_1,SYNTH_005,1080,5.5
WI_1,SYNTH_005,1081,5.5
WI_1,SYNTH_005,1082,5.5
WI_1,SYNTH_005,1083,5.5
WI_1,SYNTH_005,1084,5.5
WI_1,SYNTH_005,1085,5.5
WI_1,SYNTH_005,1086,5.5
WI_1,SYNTH_005,1087,5.5
WI_1,SYNTH_005,1088,5.5
WI_1,SYNTH_005,1089,5.5
WI_1,SYNTH_005,1090,5.5
WI_1,SYNTH_005,1091,5.5
WI_1,SYNTH_005,1092,5.5
WI_1,SYNTH_005,1093,5.5
WI_1,SYNTH_005,1094,5.5
WI_1,SYNTH_005,1095,5.5
WI_1,SYNTH_005,1096,5.5
WI_1,SYNTH_005,1097,5.5
WI_1,SYNTH_005,1098,5.5
WI_1,SYNTH_005,1099,5.5
WI_1,SYNTH_005,1100,5.5
WI_1,SYNTH_005,1101,5.5
WI_1,SYNTH_005,1102,5.5
WI_1,SYNTH_006,1000,6.199999999999999
WI_1,SYNTH_006,1001,6.199999999999999
WI_1,SYNTH_006,1002,6.199999999999999
WI_1,SYNTH_006,1003,6.199999999999999
WI_1,SYNTH_006,1004,6.199999999999999
WI_1,SYNTH_006,1005,6.199999999999999
WI_1,SYNTH_006,1006,6.199999999999999
WI_1,SYNTH_006,1007,6.199999999999999
WI_1,SYNTH_006,1008,6.199999999999999
WI_1,SYNTH_006,1009,6.199999999999999
WI_1,SYNTH_006,1010,6.199999999999999
WI_1,SYNTH_006,1011,6.199999999999999
WI_1,SYNTH_006,1012,6.199999999999999
WI_1,SYNTH_006,1013,6.199999999999999
WI_1,SYNTH_006,1014,6.199999999999999
WI_1,SYNTH_006,1015,6.199999999999999
WI_1,SYNTH_006,1016,6.199999999999999
WI_1,SYNTH_006,1017,6.199999999999999
WI_1,SYNTH_006,1018,6.199999999999999
WI_1,SYNTH_006,1019,6.199999999999999
WI_1,SYNTH_006,1020,6.199999999999999
WI_1,SYNTH_006,1021,6.199999999999999
WI_1,SYNTH_006,1022,6.199999999999999
WI_1,SYNTH_006,1023,6.199999999999999
WI_1,SYNTH_006,1024,6.199999999999999
WI_1,SYNTH_006,1025,6.199999999999999
WI_1,SYNTH_006,1026,6.199999999999999
WI_1,SYNTH_006,1027,6.199999999999999
WI_1,SYNTH_006,1028,6.199999999999999
WI_1,SYNTH_006,1029,6.199999999999999
WI_1,SYNTH_006,1030,6.199999999999999
WI_1,SYNTH_006,1031,6.199999999999999
WI_1,SYNTH_006,1032,6.199999999999999
WI_1,SYNTH_006,1033,6.199999999999999
WI_1,SYNTH_006,1034,6.199999999999999
WI_1,SYNTH_006,1035,6.199999999999999
WI_1,SYNTH_006,1036,6.199999999999999
WI_1,SYNTH_006,1037,6.199999999999999
WI_1,SYNTH_006,1038,6.199999999999999
WI_1,SYNTH_006,1039,6.199999999999999
WI_1,SYNTH_006,1040,6.199999999999999
WI_1,SYNTH_006,1041,6.199999999999999
WI_1,SYNTH_006,1042,6.199999999999999
WI_1,SYNTH_006,1043,6.199999999999999
WI_1,SYNTH_006,1044,6.199999999999999
WI_1,SYNTH_006,1045,6.199999999999999
WI_1,SYNTH_006,1046,6.199999999999999
WI_1,SYNTH_006,1047,6.199999999999999
WI_1,SYNTH_006,1048,6.199999999999999
WI_1,SYNTH_006,1049,6.199999999999999
WI_1,SYNTH_006,1050,6.199999999999999
WI_1,SYNTH_006,1051,6.199999999999999
WI_1,SYNTH_006,1052,6.199999999999999
WI_1,SYNTH_006,1053,6.199999999999999
WI_1,SYNTH_006,1054,6.199999999999999
WI_1,SYNTH_006,1055,6.199999999999999
WI_1,SYNTH_006,1056,6.199999999999999
WI_1,SYNTH_006,1057,6.199999999999999
WI_1,SYNTH_006,1058,6.199999999999999
WI_1,SYNTH_006,1059,6.199999999999999
WI_1,SYNTH_006,1060,6.199999999999999
WI_1,SYNTH_006,1061,6.199999999999999
WI_1,SYNTH_006,1062,6.199999999999999
WI_1,SYNTH_006,1063,6.199999999999999
WI_1,SYNTH_006,1064,6.199999999999999
WI_1,SYNTH_006,1065,6.199999999999999
WI_1,SYNTH_006,1066,6.199999999999999
WI_1,SYNTH_006,1067,6.199999999999999
WI_1,SYNTH_006,1068,6.199999999999999
WI_1,SYNTH_006,1069,6.199999999999999
WI_1,SYNTH_006,1070,6.199999999999999
WI_1,SYNTH_006,1071,6.199999999999999
WI_1,SYNTH_006,1072,6.199999999999999
WI_1,SYNTH_006,1073,6.199999999999999
WI_1,SYNTH_006,1074,6.199999999999999
WI_1,SYNTH_006,1075,6.199999999999999
WI_1,SYNTH_006,1076,6.199999999999999
WI_1,SYNTH_006,1077,6.199999999999999
WI_1,SYNTH_006,1078,6.199999999999999
WI_1,SYNTH_006,1079,6.199999999999999
WI_1,SYNTH_006,1080,6.199999999999999
WI_1,SYNTH_006,1081,6.199999999999999
WI_1,SYNTH_006,1082,6.199999999999999
WI_1,SYNTH_006,1083,6.199999999999999
WI_1,SYNTH_006,1084,6.199999999999999
WI_1,SYNTH_006,1085,6.199999999999999
WI_1,SYNTH_006,1086,6.199999999999999
WI_1,SYNTH_006,1087,6.199999999999999
WI_1,SYNTH_006,1088,6.199999999999999
WI_1,SYNTH_006,1089,6.199999999999999
WI_1,SYNTH_006,1090,6.199999999999999
WI_1,SYNTH_006,1091,6.199999999999999
WI_1,SYNTH_006,1092,6.199999999999999
WI_1,SYNTH_006,1093,6.199999999999999
WI_1,SYNTH_006,1094,6.199999999999999
WI_1,SYNTH_006,1095,6.199999999999999
WI_1,SYNTH_006,1096,6.199999999999999
WI_1,SYNTH_006,1097,6.199999999999999
WI_1,SYNTH_006,1098,6.199999999999999
WI_1,SYNTH_006,1099,6.199999999999999
WI_1,SYNTH_006,1100,6.199999999999999
WI_1,SYNTH_006,1101,6.199999999999999
WI_1,SYNTH_006,1102,6.199999999999999
WI_1,SYNTH_007,1000,6.8999999999999995
WI_1,SYNTH_007,1001,6.8999999999999995
WI_1,SYNTH_007,1002,6.8999999999999995
WI_1,SYNTH_007,1003,6.8999999999999995
WI_1,SYNTH_007,1004,6.8999999999999995
WI_1,SYNTH_007,1005,6.8999999999999995
WI_1,SYNTH_007,1006,6.8999999999999995
WI_1,SYNTH_007,1007,6.8999999999999995
WI_1,SYNTH_007,1008,6.8999999999999995
WI_1,SYNTH_007,1009,6.8999999999999995
WI_1,SYNTH_007,1010,6.8999999999999995
WI_1,SYNTH_007,1011,6.8999999999999995
WI_1,SYNTH_007,1012,6.8999999999999995
WI_1,SYNTH_007,1013,6.8999999999999995
WI_1,SYNTH_007,1014,6.8999999999999995
WI_1,SYNTH_007,1015,6.8999999999999995
WI_1,SYNTH_007,1016,6.8999999999999995
WI_1,SYNTH_007,1017,6.8999999999999995
WI_1,SYNTH_007,1018,6.8999999999999995
WI_1,SYNTH_007,1019,6.8999999999999995
WI_1,SYNTH_007,1020,6.8999999999999995
WI_1,SYNTH_007,1021,6.8999999999999995
WI_1,SYNTH_007,1022,6.8999999999999995
WI_1,SYNTH_007,1023,6.8999999999999995
WI_1,SYNTH_007,1024,6.8999999999999995
WI_1,SYNTH_007,1025,6.8999999999999995
WI_1,SYNTH_007,1026,6.8999999999999995
WI_1,SYNTH_007,1027,6.8999999999999995
WI_1,SYNTH_007,1028,6.8999999999999995
WI_1,SYNTH_007,1029,6.8999999999999995
WI_1,SYNTH_007,1030,6.8999999999999995
WI_1,SYNTH_007,1031,6.8999999999999995
WI_1,SYNTH_007,1032,6.8999999999999995
WI_1,SYNTH_007,1033,6.8999999999999995
WI_1,SYNTH_007,1034,6.8999999999999995
WI_1,SYNTH_007,1035,6.8999999999999995
WI_1,SYNTH_007,1036,6.8999999999999995
WI_1,SYNTH_007,1037,6.8999999999999995
WI_1,SYNTH_007,1038,6.8999999999999995
WI_1,SYNTH_007,1039,6.8999999999999995
WI_1,SYNTH_007,1040,6.8999999999999995
WI_1,SYNTH_007,1041,6.8999999999999995
WI_1,SYNTH_007,1042,6.8999999999999995
WI_1,SYNTH_007,1043,6.8999999999999995
WI_1,SYNTH_007,1044,6.8999999999999995
WI_1,SYNTH_007,1045,6.8999999999999995
WI_1,SYNTH_007,1046,6.8999999999999995
WI_1,SYNTH_007,1047,6.8999999999999995
WI_1,SYNTH_007,1048,6.8999999999999995
WI_1,SYNTH_007,1049,6.8999999999999995
WI_1,SYNTH_007,1050,6.8999999999999995
WI_1,SYNTH_007,1051,6.8999999999999995
WI_1,SYNTH_007,1052,6.8999999999999995
WI_1,SYNTH_007,1053,6.8999999999999995
WI_1,SYNTH_007,1054,6.8999999999999995
WI_1,SYNTH_007,1055,6.8999999999999995
WI_1,SYNTH_007,1056,6.8999999999999995
WI_1,SYNTH_007,1057,6.8999999999999995
WI_1,SYNTH_007,1058,6.8999999999999995
WI_1,SYNTH_007,1059,6.8999999999999995
WI_1,SYNTH_007,1060,6.8999999999999995
WI_1,SYNTH_007,1061,6.8999999999999995
WI_1,SYNTH_007,1062,6.8999999999999995
WI_1,SYNTH_007,1063,6.8999999999999995
WI_1,SYNTH_007,1064,6.8999999999999995
WI_1,SYNTH_007,1065,6.8999999999999995
WI_1,SYNTH_007,1066,6.8999999999999995
WI_1,SYNTH_007,1067,6.8999999999999995
WI_1,SYNTH_007,1068,6.8999999999999995
WI_1,SYNTH_007,1069,6.8999999999999995
WI_1,SYNTH_007,1070,6.8999999999999995
WI_1,SYNTH_007,1071,6.8999999999999995
WI_1,SYNTH_007,1072,6.8999999999999995
WI_1,SYNTH_007,1073,6.8999999999999995
WI_1,SYNTH_007,1074,6.8999999999999995
WI_1,SYNTH_007,1075,6.8999999999999995
WI_1,SYNTH_007,1076,6.8999999999999995
WI_1,SYNTH_007,1077,6.8999999999999995
WI_1,SYNTH_007,1078,6.8999999999999995
WI_1,SYNTH_007,1079,6.8999999999999995
WI_1,SYNTH_007,1080,6.8999999999999995
WI_1,SYNTH_007,1081,6.8999999999999995
WI_1,SYNTH_007,1082,6.8999999999999995
WI_1,SYNTH_007,1083,6.8999999999999995
WI_1,SYNTH_007,1084,6.8999999999999995
WI_1,SYNTH_007,1085,6.8999999999999995
WI_1,SYNTH_007,1086,6.8999999999999995
WI_1,SYNTH_007,1087,6.8999999999999995
WI_1,SYNTH_007,1088,6.8999999999999995
WI_1,SYNTH_007,1089,6.8999999999999995
WI_1,SYNTH_007,1090,6.8999999999999995
WI_1,SYNTH_007,1091,6.8999999999999995
WI_1,SYNTH_007,1092,6.8999999999999995
WI_1,SYNTH_007,1093,6.8999999999999995
WI_1,SYNTH_007,1094,6.8999999999999995
WI_1,SYNTH_007,1095,6.8999999999999995
WI_1,SYNTH_007,1096,6.8999999999999995
WI_1,SYNTH_007,1097,6.8999999999999995
WI_1,SYNTH_007,1098,6.8999999999999995
WI_1,SYNTH_007,1099,6.8999999999999995
WI_1,SYNTH_007,1100,6.8999999999999995
WI_1,SYNTH_007,1101,6.8999999999999995
WI_1,SYNTH_007,1102,6.8999999999999995
WI_1,SYNTH_008,1000,7.6
WI_1,SYNTH_008,1001,7.6
WI_1,SYNTH_008,1002,7.6
WI_1,SYNTH_008,1003,7.6
WI_1,SYNTH_008,1004,7.6
WI_1,SYNTH_008,1005,7.6
WI_1,SYNTH_008,1006,7.6
WI_1,SYNTH_008,1007,7.6
WI_1,SYNTH_008,1008,7.6
WI_1,SYNTH_008,1009,7.6
WI_1,SYNTH_008,1010,7.6
WI_1,SYNTH_008,1011,7.6
WI_1,SYNTH_008,1012,7.6
WI_1,SYNTH_008,1013,7.6
WI_1,SYNTH_008,1014,7.6
WI_1,SYNTH_008,1015,7.6
WI_1,SYNTH_008,1016,7.6
WI_1,SYNTH_008,1017,7.6
WI_1,SYNTH_008,1018,7.6
WI_1,SYNTH_008,1019,7.6
WI_1,SYNTH_008,1020,7.6
WI_1,SYNTH_008,1021,7.6
WI_1,SYNTH_008,1022,7.6
WI_1,SYNTH_008,1023,7.6
WI_1,SYNTH_008,1024,7.6
WI_1,SYNTH_008,1025,7.6
WI_1,SYNTH_008,1026,7.6
WI_1,SYNTH_008,1027,7.6
WI_1,SYNTH_008,1028,7.6
WI_1,SYNTH_008,1029,7.6
WI_1,SYNTH_008,1030,7.6
WI_1,SYNTH_008,1031,7.6
WI_1,SYNTH_008,1032,7.6
WI_1,SYNTH_008,1033,7.6
WI_1,SYNTH_008,1034,7.6
WI_1,SYNTH_008,1035,7.6
WI_1,SYNTH_008,1036,7.6
WI_1,SYNTH_008,1037,7.6
WI_1,SYNTH_008,1038,7.6
WI_1,SYNTH_008,1039,7.6
WI_1,SYNTH_008,1040,7.6
WI_1,SYNTH_008,1041,7.6
WI_1,SYNTH_008,1042,7.6
WI_1,SYNTH_008,1043,7.6
WI_1,SYNTH_008,1044,7.6
WI_1,SYNTH_008,1045,7.6
WI_1,SYNTH_008,1046,7.6
WI_1,SYNTH_008,1047,7.6
WI_1,SYNTH_008,1048,7.6
WI_1,SYNTH_008,1049,7.6
WI_1,SYNTH_008,1050,7.6
WI_1,SYNTH_008,1051,7.6
WI_1,SYNTH_008,1052,7.6
WI_1,SYNTH_008,1053,7.6
WI_1,SYNTH_008,1054,7.6
WI_1,SYNTH_008,1055,7.6
WI_1,SYNTH_008,1056,7.6
WI_1,SYNTH_008,1057,7.6
WI_1,SYNTH_008,1058,7.6
WI_1,SYNTH_008,1059,7.6
WI_1,SYNTH_008,1060,7.6
WI_1,SYNTH_008,1061,7.6
WI_1,SYNTH_008,1062,7.6
WI_1,SYNTH_008,1063,7.6
WI_1,SYNTH_008,1064,7.6
WI_1,SYNTH_008,1065,7.6
WI_1,SYNTH_008,1066,7.6
WI_1,SYNTH_008,1067,7.6
WI_1,SYNTH_008,1068,7.6
WI_1,SYNTH_008,1069,7.6
WI_1,SYNTH_008,1070,7.6
WI_1,SYNTH_008,1071,7.6
WI_1,SYNTH_008,1072,7.6
WI_1,SYNTH_008,1073,7.6
WI_1,SYNTH_008,1074,7.6
WI_1,SYNTH_008,1075,7.6
WI_1,SYNTH_008,1076,7.6
WI_1,SYNTH_008,1077,7.6
WI_1,SYNTH_008,1078,7.6
WI_1,SYNTH_008,1079,7.6
WI_1,SYNTH_008,1080,7.6
WI_1,SYNTH_008,1081,7.6
WI_1,SYNTH_008,1082,7.6
WI_1,SYNTH_008,1083,7.6
WI_1,SYNTH_008,1084,7.6
WI_1,SYNTH_008,1085,7.6
WI_1,SYNTH_008,1086,7.6
WI_1,SYNTH_008,1087,7.6
WI_1,SYNTH_008,1088,7.6
WI_1,SYNTH_008,1089,7.6
WI_1,SYNTH_008,1090,7.6
WI_1,SYNTH_008,1091,7.6
WI_1,SYNTH_008,1092,7.6
WI_1,SYNTH_008,1093,7.6
WI_1,SYNTH_008,1094,7.6
WI_1,SYNTH_008,1095,7.6
WI_1,SYNTH_008,1096,7.6
WI_1,SYNTH_008,1097,7.6
WI_1,SYNTH_008,1098,7.6
WI_1,SYNTH_008,1099,7.6
WI_1,SYNTH_008,1100,7.6
WI_1,SYNTH_008,1101,7.6
WI_1,SYNTH_008,1102,7.6
WI_1,SYNTH_009,1000,8.3
WI_1,SYNTH_009,1001,8.3
WI_1,SYNTH_009,1002,8.3
WI_1,SYNTH_009,1003,8.3
WI_1,SYNTH_009,1004,8.3
WI_1,SYNTH_009,1005,8.3
WI_1,SYNTH_009,1006,8.3
WI_1,SYNTH_009,1007,8.3
WI_1,SYNTH_009,1008,8.3
WI_1,SYNTH_009,1009,8.3
WI_1,SYNTH_009,1010,8.3
WI_1,SYNTH_009,1011,8.3
WI_1,SYNTH_009,1012,8.3
WI_1,SYNTH_009,1013,8.3
WI_1,SYNTH_009,1014,8.3
WI_1,SYNTH_009,1015,8.3
WI_1,SYNTH_009,1016,8.3
WI_1,SYNTH_009,1017,8.3
WI_1,SYNTH_009,1018,8.3
WI_1,SYNTH_009,1019,8.3
WI_1,SYNTH_009,1020,8.3
WI_1,SYNTH_009,1021,8.3
WI_1,SYNTH_009,1022,8.3
WI_1,SYNTH_009,1023,8.3
WI_1,SYNTH_009,1024,8.3
WI_1,SYNTH_009,1025,8.3
WI_1,SYNTH_009,1026,8.3
WI_1,SYNTH_009,1027,8.3
WI_1,SYNTH_009,1028,8.3
WI_1,SYNTH_009,1029,8.3
WI_1,SYNTH_009,1030,8.3
WI_1,SYNTH_009,1031,8.3
WI_1,SYNTH_009,1032,8.3
WI_1,SYNTH_009,1033,8.3
WI_1,SYNTH_009,1034,8.3
WI_1,SYNTH_009,1035,8.3
WI_1,SYNTH_009,1036,8.3
WI_1,SYNTH_009,1037,8.3
WI_1,SYNTH_009,1038,8.3
WI_1,SYNTH_009,1039,8.3
WI_1,SYNTH_009,1040,8.3
WI_1,SYNTH_009,1041,8.3
WI_1,SYNTH_009,1042,8.3
WI_1,SYNTH_009,1043,8.3
WI_1,SYNTH_009,1044,8.3
WI_1,SYNTH_009,1045,8.3
WI_1,SYNTH_009,1046,8.3
WI_1,SYNTH_009,1047,8.3
WI_1,SYNTH_009,1048,8.3
WI_1,SYNTH_009,1049,8.3
WI_1,SYNTH_009,1050,8.3
WI_1,SYNTH_009,1051,8.3
WI_1,SYNTH_009,1052,8.3
WI_1,SYNTH_009,1053,8.3
WI_1,SYNTH_009,1054,8.3
WI_1,SYNTH_009,1055,8.3
WI_1,SYNTH_009,1056,8.3
WI_1,SYNTH_009,1057,8.3
WI_1,SYNTH_009,1058,8.3
WI_1,SYNTH_009,1059,8.3
WI_1,SYNTH_009,1060,8.3
WI_1,SYNTH_009,1061,8.3
WI_1,SYNTH_009,1062,8.3
WI_1,SYNTH_009,1063,8.3
WI_1,SYNTH_009,1064,8.3
WI_1,SYNTH_009,1065,8.3
WI_1,SYNTH_009,1066,8.3
WI_1,SYNTH_009,1067,8.3
WI_1,SYNTH_009,1068,8.3
WI_1,SYNTH_009,1069,8.3
WI_1,SYNTH_009,1070,8.3
WI_1,SYNTH_009,1071,8.3
WI_1,SYNTH_009,1072,8.3
WI_1,SYNTH_009,1073,8.3
WI_1,SYNTH_009,1074,8.3
WI_1,SYNTH_009,1075,8.3
WI_1,SYNTH_009,1076,8.3
WI_1,SYNTH_009,1077,8.3
WI_1,SYNTH_009,1078,8.3
WI_1,SYNTH_009,1079,8.3
WI_1,SYNTH_009,1080,8.3
WI_1,SYNTH_009,1081,8.3
WI_1,SYNTH_009,1082,8.3
WI_1,SYNTH_009,1083,8.3
WI_1,SYNTH_009,1084,8.3
WI_1,SYNTH_009,1085,8.3
WI_1,SYNTH_009,1086,8.3
WI_1,SYNTH_009,1087,8.3
WI_1,SYNTH_009,1088,8.3
WI_1,SYNTH_009,1089,8.3
WI_1,SYNTH_009,1090,8.3
WI_1,SYNTH_009,1091,8.3
WI_1,SYNTH_009,1092,8.3
WI_1,SYNTH_009,1093,8.3
WI_1,SYNTH_009,1094,8.3
WI_1,SYNTH_009,1095,8.3
WI_1,SYNTH_009,1096,8.3
WI_1,SYNTH_009,1097,8.3
WI_1,SYNTH_009,1098,8.3
WI_1,SYNTH_009,1099,8.3
WI_1,SYNTH_009,1100,8.3
WI_1,SYNTH_009,1101,8.3
WI_1,SYNTH_009,1102,8.3
WI_1,SYNTH_010,1000,9.0
WI_1,SYNTH_010,1001,9.0
WI_1,SYNTH_010,1002,9.0
WI_1,SYNTH_010,1003,9.0
WI_1,SYNTH_010,1004,9.0
WI_1,SYNTH_010,1005,9.0
WI_1,SYNTH_010,1006,9.0
WI_1,SYNTH_010,1007,9.0
WI_1,SYNTH_010,1008,9.0
WI_1,SYNTH_010,1009,9.0
WI_1,SYNTH_010,1010,9.0
WI_1,SYNTH_010,1011,9.0
WI_1,SYNTH_010,1012,9.0
WI_1,SYNTH_010,1013,9.0
WI_1,SYNTH_010,1014,9.0
WI_1,SYNTH_010,1015,9.0
WI_1,SYNTH_010,1016,9.0
WI_1,SYNTH_010,1017,9.0
WI_1,SYNTH_010,1018,9.0
WI_1,SYNTH_010,1019,9.0
WI_1,SYNTH_010,1020,9.0
WI_1,SYNTH_010,1021,9.0
WI_1,SYNTH_010,1022,9.0
WI_1,SYNTH_010,1023,9.0
WI_1,SYNTH_010,1024,9.0
WI_1,SYNTH_010,1025,9.0
WI_1,SYNTH_010,1026,9.0
WI_1,SYNTH_010,1027,9.0
WI_1,SYNTH_010,1028,9.0
WI_1,SYNTH_010,1029,9.0
WI_1,SYNTH_010,1030,9.0
WI_1,SYNTH_010,1031,9.0
WI_1,SYNTH_010,1032,9.0
WI_1,SYNTH_010,1033,9.0
WI_1,SYNTH_010,1034,9.0
WI_1,SYNTH_010,1035,9.0
WI_1,SYNTH_010,1036,9.0
WI_1,SYNTH_010,1037,9.0
WI_1,SYNTH_010,1038,9.0
WI_1,SYNTH_010,1039,9.0
WI_1,SYNTH_010,1040,9.0
WI_1,SYNTH_010,1041,9.0
WI_1,SYNTH_010,1042,9.0
WI_1,SYNTH_010,1043,9.0
WI_1,SYNTH_010,1044,9.0
WI_1,SYNTH_010,1045,9.0
WI_1,SYNTH_010,1046,9.0
WI_1,SYNTH_010,1047,9.0
WI_1,SYNTH_010,1048,9.0
WI_1,SYNTH_010,1049,9.0
WI_1,SYNTH_010,1050,9.0
WI_1,SYNTH_010,1051,9.0
WI_1,SYNTH_010,1052,9.0
WI_1,SYNTH_010,1053,9.0
WI_1,SYNTH_010,1054,9.0
WI_1,SYNTH_010,1055,9.0
WI_1,SYNTH_010,1056,9.0
WI_1,SYNTH_010,1057,9.0
WI_1,SYNTH_010,1058,9.0
WI_1,SYNTH_010,1059,9.0
WI_1,SYNTH_010,1060,9.0
WI_1,SYNTH_010,1061,9.0
WI_1,SYNTH_010,1062,9.0
WI_1,SYNTH_010,1063,9.0
WI_1,SYNTH_010,1064,9.0
WI_1,SYNTH_010,1065,9.0
WI_1,SYNTH_010,1066,9.0
WI_1,SYNTH_010,1067,9.0
WI_1,SYNTH_010,1068,9.0
WI_1,SYNTH_010,1069,9.0
WI_1,SYNTH_010,1070,9.0
WI_1,SYNTH_010,1071,9.0
WI_1,SYNTH_010,1072,9.0
WI_1,SYNTH_010,1073,9.0
WI_1,SYNTH_010,1074,9.0
WI_1,SYNTH_010,1075,9.0
WI_1,SYNTH_010,1076,9.0
WI_1,SYNTH_010,1077,9.0
WI_1,SYNTH_010,1078,9.0
WI_1,SYNTH_010,1079,9.0
WI_1,SYNTH_010,1080,9.0
WI_1,SYNTH_010,1081,9.0
WI_1,SYNTH_010,1082,9.0
WI_1,SYNTH_010,1083,9.0
WI_1,SYNTH_010,1084,9.0
WI_1,SYNTH_010,1085,9.0
WI_1,SYNTH_010,1086,9.0
WI_1,SYNTH_010,1087,9.0
WI_1,SYNTH_010,1088,9.0
WI_1,SYNTH_010,1089,9.0
WI_1,SYNTH_010,1090,9.0
WI_1,SYNTH_010,1091,9.0
WI_1,SYNTH_010,1092,9.0
WI_1,SYNTH_010,1093,9.0
WI_1,SYNTH_010,1094,9.0
WI_1,SYNTH_010,1095,9.0
WI_1,SYNTH_010,1096,9.0
WI_1,SYNTH_010,1097,9.0
WI_1,SYNTH_010,1098,9.0
WI_1,SYNTH_010,1099,9.0
WI_1,SYNTH_010,1100,9.0
WI_1,SYNTH_010,1101,9.0
WI_1,SYNTH_010,1102,9.0
WI_1,SYNTH_011,1000,9.7
WI_1,SYNTH_011,1001,9.7
WI_1,SYNTH_011,1002,9.7
WI_1,SYNTH_011,1003,9.7
WI_1,SYNTH_011,1004,9.7
WI_1,SYNTH_011,1005,9.7
WI_1,SYNTH_011,1006,9.7
WI_1,SYNTH_011,1007,9.7
WI_1,SYNTH_011,1008,9.7
WI_1,SYNTH_011,1009,9.7
WI_1,SYNTH_011,1010,9.7
WI_1,SYNTH_011,1011,9.7
WI_1,SYNTH_011,1012,9.7
WI_1,SYNTH_011,1013,9.7
WI_1,SYNTH_011,1014,9.7
WI_1,SYNTH_011,1015,9.7
WI_1,SYNTH_011,1016,9.7
WI_1,SYNTH_011,1017,9.7
WI_1,SYNTH_011,1018,9.7
WI_1,SYNTH_011,1019,9.7
WI_1,SYNTH_011,1020,9.7
WI_1,SYNTH_011,1021,9.7
WI_1,SYNTH_011,1022,9.7
WI_1,SYNTH_011,1023,9.7
WI_1,SYNTH_011,1024,9.7
WI_1,SYNTH_011,1025,9.7
WI_1,SYNTH_011,1026,9.7
WI_1,SYNTH_011,1027,9.7
WI_1,SYNTH_011,1028,9.7
WI_1,SYNTH_011,1029,9.7
WI_1,SYNTH_011,1030,9.7
WI_1,SYNTH_011,1031,9.7
WI_1,SYNTH_011,1032,9.7
WI_1,SYNTH_011,1033,9.7
WI_1,SYNTH_011,1034,9.7
WI_1,SYNTH_011,1035,9.7
WI_1,SYNTH_011,1036,9.7
WI_1,SYNTH_011,1037,9.7
WI_1,SYNTH_011,1038,9.7
WI_1,SYNTH_011,1039,9.7
WI_1,SYNTH_011,1040,9.7
WI_1,SYNTH_011,1041,9.7
WI_1,SYNTH_011,1042,9.7
WI_1,SYNTH_011,1043,9.7
WI_1,SYNTH_011,1044,9.7
WI_1,SYNTH_011,1045,9.7
WI_1,SYNTH_011,1046,9.7
WI_1,SYNTH_011,1047,9.7
WI_1,SYNTH_011,1048,9.7
WI_1,SYNTH_011,1049,9.7
WI_1,SYNTH_011,1050,9.7
WI_1,SYNTH_011,1051,9.7
WI_1,SYNTH_011,1052,9.7
WI_1,SYNTH_011,1053,9.7
WI_1,SYNTH_011,1054,9.7
WI_1,SYNTH_011,1055,9.7
WI_1,SYNTH_011,1056,9.7
WI_1,SYNTH_011,1057,9.7
WI_1,SYNTH_011,1058,9.7
WI_1,SYNTH_011,1059,9.7
WI_1,SYNTH_011,1060,9.7
WI_1,SYNTH_011,1061,9.7
WI_1,SYNTH_011,1062,9.7
WI_1,SYNTH_011,1063,9.7
WI_1,SYNTH_011,1064,9.7
WI_1,SYNTH_011,1065,9.7
WI_1,SYNTH_011,1066,9.7
WI_1,SYNTH_011,1067,9.7
WI_1,SYNTH_011,1068,9.7
WI_1,SYNTH_011,1069,9.7
WI_1,SYNTH_011,1070,9.7
WI_1,SYNTH_011,1071,9.7
WI_1,SYNTH_011,1072,9.7
WI_1,SYNTH_011,1073,9.7
WI_1,SYNTH_011,1074,9.7
WI_1,SYNTH_011,1075,9.7
WI_1,SYNTH_011,1076,9.7
WI_1,SYNTH_011,1077,9.7
WI_1,SYNTH_011,1078,9.7
WI_1,SYNTH_011,1079,9.7
WI_1,SYNTH_011,1080,9.7
WI_1,SYNTH_011,1081,9.7
WI_1,SYNTH_011,1082,9.7
WI_1,SYNTH_011,1083,9.7
WI_1,SYNTH_011,1084,9.7
WI_1,SYNTH_011,1085,9.7
WI_1,SYNTH_011,1086,9.7
WI_1,SYNTH_011,1087,9.7
WI_1,SYNTH_011,1088,9.7
WI_1,SYNTH_011,1089,9.7
WI_1,SYNTH_011,1090,9.7
WI_1,SYNTH_011,1091,9.7
WI_1,SYNTH_011,1092,9.7
WI_1,SYNTH_011,1093,9.7
WI_1,SYNTH_011,1094,9.7
WI_1,SYNTH_011,1095,9.7
WI_1,SYNTH_011,1096,9.7
WI_1,SYNTH_011,1097,9.7
WI_1,SYNTH_011,1098,9.7
WI_1,SYNTH_011,1099,9.7
WI_1,SYNTH_011,1100,9.7
WI_1,SYNTH_011,1101,9.7
WI_1,SYNTH_011,1102,9.7
WI_1,SYNTH_012,1000,10.399999999999999
WI_1,SYNTH_012,1001,10.399999999999999
WI_1,SYNTH_012,1002,10.399999999999999
WI_1,SYNTH_012,1003,10.399999999999999
WI_1,SYNTH_012,1004,10.399999999999999
WI_1,SYNTH_012,1005,10.399999999999999
WI_1,SYNTH_012,1006,10.399999999999999
WI_1,SYNTH_012,1007,10.399999999999999
WI_1,SYNTH_012,1008,10.399999999999999
WI_1,SYNTH_012,1009,10.399999999999999
WI_1,SYNTH_012,1010,10.399999999999999
WI_1,SYNTH_012,1011,10.399999999999999
WI_1,SYNTH_012,1012,10.399999999999999
WI_1,SYNTH_012,1013,10.399999999999999
WI_1,SYNTH_012,1014,10.399999999999999
WI_1,SYNTH_012,1015,10.399999999999999
WI_1,SYNTH_012,1016,10.399999999999999
WI_1,SYNTH_012,1017,10.399999999999999
WI_1,SYNTH_012,1018,10.399999999999999
WI_1,SYNTH_012,1019,10.399999999999999
WI_1,SYNTH_012,1020,10.399999999999999
WI_1,SYNTH_012,1021,10.399999999999999
WI_1,SYNTH_012,1022,10.399999999999999
WI_1,SYNTH_012,1023,10.399999999999999
WI_1,SYNTH_012,1024,10.399999999999999
WI_1,SYNTH_012,1025,10.399999999999999
WI_1,SYNTH_012,1026,10.399999999999999
WI_1,SYNTH_012,1027,10.399999999999999
WI_1,SYNTH_012,1028,10.399999999999999
WI_1,SYNTH_012,1029,10.399999999999999
WI_1,SYNTH_012,1030,10.399999999999999
WI_1,SYNTH_012,1031,10.399999999999999
WI_1,SYNTH_012,1032,10.399999999999999
WI_1,SYNTH_012,1033,10.399999999999999
WI_1,SYNTH_012,1034,10.399999999999999
WI_1,SYNTH_012,1035,10.399999999999999
WI_1,SYNTH_012,1036,10.399999999999999
WI_1,SYNTH_012,1037,10.399999999999999
WI_1,SYNTH_012,1038,10.399999999999999
WI_1,SYNTH_012,1039,10.399999999999999
WI_1,SYNTH_012,1040,10.399999999999999
WI_1,SYNTH_012,1041,10.399999999999999
WI_1,SYNTH_012,1042,10.399999999999999
WI_1,SYNTH_012,1043,10.399999999999999
WI_1,SYNTH_012,1044,10.399999999999999
WI_1,SYNTH_012,1045,10.399999999999999
WI_1,SYNTH_012,1046,10.399999999999999
WI_1,SYNTH_012,1047,10.399999999999999
WI_1,SYNTH_012,1048,10.399999999999999
WI_1,SYNTH_012,1049,10.399999999999999
WI_1,SYNTH_012,1050,10.399999999999999
WI_1,SYNTH_012,1051,10.399999999999999
WI_1,SYNTH_012,1052,10.399999999999999
WI_1,SYNTH_012,1053,10.399999999999999
WI_1,SYNTH_012,1054,10.399999999999999
WI_1,SYNTH_012,1055,10.399999999999999
WI_1,SYNTH_012,1056,10.399999999999999
WI_1,SYNTH_012,1057,10.399999999999999
WI_1,SYNTH_012,1058,10.399999999999999
WI_1,SYNTH_012,1059,10.399999999999999
WI_1,SYNTH_012,1060,10.399999999999999
WI_1,SYNTH_012,1061,10.399999999999999
WI_1,SYNTH_012,1062,10.399999999999999
WI_1,SYNTH_012,1063,10.399999999999999
WI_1,SYNTH_012,1064,10.399999999999999
WI_1,SYNTH_012,1065,10.399999999999999
WI_1,SYNTH_012,1066,10.399999999999999
WI_1,SYNTH_012,1067,10.399999999999999
WI_1,SYNTH_012,1068,10.399999999999999
WI_1,SYNTH_012,1069,10.399999999999999
WI_1,SYNTH_012,1070,10.399999999999999
WI_1,SYNTH_012,1071,10.399999999999999
WI_1,SYNTH_012,1072,10.399999999999999
WI_1,SYNTH_012,1073,10.399999999999999
WI_1,SYNTH_012,1074,10.399999999999999
WI_1,SYNTH_012,1075,10.399999999999999
WI_1,SYNTH_012,1076,10.399999999999999
WI_1,SYNTH_012,1077,10.399999999999999
WI_1,SYNTH_012,1078,10.399999999999999
WI_1,SYNTH_012,1079,10.399999999999999
WI_1,SYNTH_012,1080,10.399999999999999
WI_1,SYNTH_012,1081,10.399999999999999
WI_1,SYNTH_012,1082,10.399999999999999
WI_1,SYNTH_012,1083,10.399999999999999
WI_1,SYNTH_012,1084,10.399999999999999
WI_1,SYNTH_012,1085,10.399999999999999
WI_1,SYNTH_012,1086,10.399999999999999
WI_1,SYNTH_012,1087,10.399999999999999
WI_1,SYNTH_012,1088,10.399999999999999
WI_1,SYNTH_012,1089,10.399999999999999
WI_1,SYNTH_012,1090,10.399999999999999
WI_1,SYNTH_012,1091,10.399999999999999
WI_1,SYNTH_012,1092,10.399999999999999
WI_1,SYNTH_012,1093,10.399999999999999
WI_1,SYNTH_012,1094,10.399999999999999
WI_1,SYNTH_012,1095,10.399999999999999
WI_1,SYNTH_012,1096,10.399999999999999
WI_1,SYNTH_012,1097,10.399999999999999
WI_1,SYNTH_012,1098,10.399999999999999
WI_1,SYNTH_012,1099,10.399999999999999
WI_1,SYNTH_012,1100,10.399999999999999
WI_1,SYNTH_012,1101,10.399999999999999
WI_1,SYNTH_012,1102,10.399999999999999
